,mol_name,SMILES,PLANET_affinity
0,,N#CC(C#N)=C1NCCN1CCNCc1ccc(CN2CCCC2)o1,5.5977864
1,,CC[NH+](CC)CCCN(C)C(=O)c1sc(Cc2ccc(F)cc2)nc1C,6.38186
2,,CC[C@H]([NH3+])Cc1cccc(Br)c1OCCOC(C)C,4.949979
3,,CC[C@H](C)OC(=O)C[C@@H]1C(=O)NCCN1C(=S)NC(=O)c1cc(Br)ccc1OCC(C)C,5.9026556
4,,C[C@@H]1CN(c2ccc(C[NH2+]Cc3cn(C)c(=O)n(C)c3=O)cc2F)C[C@H](C)O1,6.9412775
5,,CCC[NH2+][C@@H](CCN(CC[NH+](C)C)CC(C)C)C(C)(C)C,3.09422
6,,Cc1oc(-c2cccs2)nc1C(=O)N1C[C@H](C)O[C@@H](C)C1,3.3449597
7,,CCOc1ccc(OC[C@H](O)C[NH2+]C[C@H](C2=c3ccccc3=[NH+]C2)c2ccccc2Cl)cc1,7.817262
8,,CCOCC[n+]1ccc(CCC(=O)c2cc3cc(OC)c(OC)cc3s2)cc1,5.7196727
9,,CN1CCC=C(c2nsnc2OCCCOCCC(=O)NCCCCNc2c3c(nc4ccccc24)CCCC3)C1,6.9060907
10,,CCOc1ccc(-n2c(SCCN3C(=O)c4ccccc4C3=O)nnc2C2=c3ccccc3=[NH+]C2)cc1,7.965895
11,,Oc1c(CNCCCCCCCCCNc2c3c(nc4ccccc24)CCCC3)cc(Cl)c2cccnc12,8.211624
12,,O=C(NCC[NH+]1CCCC1)c1coc(COc2ccc3c(c2)[C@H](c2cccc(F)c2)N(C(=O)C2CC2)CC3)n1,8.256787
13,,O=C(NCCC1=c2ccccc2=[NH+]C1)c1cc(S(=O)(=O)NCc2ccco2)c(Cl)cc1Cl,7.2797565
14,,CNC(=O)Oc1cccc(CN(C)CCCOc2ccc3ccc(=O)oc3c2)c1,6.770627
15,,c1ccc2/c(=N/CCCCCCCC/N=c3/c4ccccc4nc4n3CCCC4)n3c(nc2c1)CCCC3,6.518398
16,,COc1cc(C(=O)NCCC(=O)NNc2c3c(nc4ccccc24)CCCC3)cc(OC)c1OC,6.2794366
17,,COc1cc2cc(C(=O)CCc3cc[n+](Cc4ccc(F)cc4)cc3)sc2cc1OC,6.334626
18,,c1ccc2c(NCCCCCCCNc3c4c(nc5ccccc35)CCC4)c3c(nc2c1)CCC3,7.427346
19,,C[NH+](C)CCNC(=O)[C@H]1CCCN(c2ccc(-c3noc(-c4cccs4)n3)cc2F)C1,8.677062
20,,Clc1cc2c(c(CN3CC[NH+](Cc4ccsc4)CC3)c1)OCOC2,8.042427
21,,c1ccc(CN2CCC(CNc3nsc4ccccc34)CC2)cc1,6.381586
22,,C[C@H](Cc1ccccc1F)NC(=O)[C@H]1CN(C(=O)c2ccc(Oc3ccccc3)nc2)CC12CC[NH2+]CC2,8.803299
23,,CNC(=O)Oc1cccc(CN(C)CCCCCCCOc2ccc3c(=O)c4ccccc4oc3c2)c1,7.0871515
24,,CCN(CC)CCCCCOc1ccc2c(c1)CC/C(=C\c1ccc(CN(C)Cc3ccccc3)cc1)C2=O,8.534515
25,,CCn1cc[nH+]c1CN1CCC2=c3ccccc3=[NH+][C@H]2[C@@H]1C1CCCCC1,7.2316294
26,,CCC[C@]12CN3C[C@](CCC)(C[NH+](C1)[C@H]3c1cc3ccccc3n1C)C2O,3.7126606
27,,Cc1occc1-c1nnc(SCC[NH2+]CCO)n1-c1ccccc1,6.3401394
28,,COc1cc(-c2cc3c(c(=O)o2)C[C@]2(O)[C@@]4(C)C(=O)C=C[C@@](C)(CO)[C@]4(O)CC[C@@]2(C)O3)cc(OC)c1OC,0.85015774
29,,CC(C)[C@H]([NH2+][C@@H](C)c1nc2scc(-c3ccco3)c2c(=O)[nH]1)c1ccccc1,5.507596
30,,COc1c(C(=O)N2C[C@@H](C(=O)NC[C@@H](c3cccnc3)[NH+]3CCCC3)C3(CC[NH2+]CC3)C2)csc1Cl,9.527402
31,,Nc1c2c(nc3ccccc13)CCC2,2.6689255
32,,C[NH+](C[C@@H]1C[C@@H](C(C)(C)C)CCC1=O)[C@@H]1CCSC1,1.6415412
33,,O=C(Nc1ccc2c(c1)C(=O)N(CCC1CCN(Cc3ccccc3)CC1)C2=O)c1ccccc1,8.607602
34,,COc1cc2c(cc1OC)C(=O)C(Oc1ccc(C(=O)CCN3CCCC3)cc1)C2,7.1949406
35,,CCCC[NH+](CC(=O)NCCC(C)(C)C)[C@H]1CCS(=O)(=O)C1,4.5441585
36,,CN1CC[C@@]2(C)c3cc(OC(=O)Nc4cccc5ccccc45)ccc3N(C)[C@@H]12,5.99452
37,,O=C(NCCSCc1ccccc1)[C@@H]1CN(C(=O)c2c(Cl)cccc2Cl)CC12CC[NH2+]CC2,8.216574
38,,CCOC(=O)N1CC[NH+]([C@H]2CCCN(C(=O)c3ccc(COC)o3)C2)CC1,4.611631
39,,Cc1ccc2ccc(CNCCCCCCCCNc3c4c(nc5ccccc35)CCCC4)c(O)c2n1,7.528028
40,,COc1cc2c(cc1OC)SC(C(=O)CCc1cc[n+](CC3CCC3)cc1)C2,6.439718
41,,CC[C@H]([NH3+])[C@H](c1ccc(Br)s1)N1CC[C@H]([NH+](CC)CC)C1,1.6909783
42,,CN(CCCNCc1ccc2cccnc2c1O)CCCNc1c2c(nc3ccccc13)CCCC2,7.646435
43,,CNC(=O)Oc1cccc(CN(C)CCCCCCCOc2ccc3c(c2)C/C(=C\c2cc(O)c(O)c(O)c2)C3=O)c1,8.1382675
44,,C[C@@H]1CCC[C@H](C)N1S(C)(=O)=O,1.0372746
45,,O=C(NC(=S)NCCC1CCN(Cc2ccccc2)CC1)c1ccc2c(c1)OCO2,6.8133564
46,,c1ccc(CN2CCC(CCNc3cc4c(nn3)-c3ccccc3CCC4)CC2)cc1,8.043777
47,,CNC(=O)Oc1cccc(CN(C)CCCCCCOc2ccc3c(=O)c4ccccc4oc3c2)c1,7.0233154
48,,N[C@@H](CCC(=O)NCCNc1c2c(nc3ccccc13)CCCC2)C(=O)NCCNc1c2c(nc3ccccc13)CCCC2,7.455389
49,,c1ccc2c(NCCCCCCCCCNc3c4c(nc5ccccc35)CCCC4)c3c(nc2c1)CCCC3,8.315845
50,,O=C(NCc1ccccc1)c1ccc2c(c1)C(=O)N(CCC1CCN(Cc3ccccc3)CC1)C2=O,8.783319
51,,CN1CCc2c(n(CCCCCCCCCn3c4c(c5ccccc53)CCN(C)C4)c3ccccc23)C1,9.264626
52,,COc1ccc(-c2cc3c(c(=O)o2)C[C@@]2(O)[C@@]4(C)CCC(=O)C(C)(C)[C@@]4(O)CC[C@@]2(C)O3)cc1,0.8080494
53,,COc1cc(NC(=O)C(C)(C)C)c(C(=O)OCC(=O)Nc2ccccc2SCC#N)cc1OC,6.477433
54,,C[C@@H](NC(=O)CSc1nc(Cl)cc(N2CC[NH+](C/C=C/c3ccccc3)CC2)n1)c1ccccc1,8.70248
55,,CN(CCOCCNC(=S)NC(=O)c1ccc2c(c1)C(=O)c1ccccc1-2)Cc1ccccc1,5.1557045
56,,Cc1ccc(S(=O)(=O)NC[C@H]2C[C@H]3CC[NH+]2C[C@@H]3C[NH+]2CCN(c3ccc(F)cc3)CC2)cc1,6.730669
57,,Cc1ccc(CN(CC[NH+](C)C)C(=O)CCn2c(=O)oc3ccccc32)o1,3.427944
58,,CC1Cc2cc3c(cc2C1=O)OCO3,1.6799401
59,,S=C1[NH+]=N[C@H](c2cccc(Cl)c2)N1/N=C/c1ccc(-c2ccccc2)cc1,4.9668694
60,,CC[NH+](CC)CCC[C@H](C)[NH2+]Cc1ccc(F)cc1Br,5.7394824
61,,CCOC(=O)O[C@H](C)OC(=O)[C@@H]1N2C(=O)[C@@H](NC(=O)[C@@H]([NH3+])c3ccccc3)[C@H]2SC1(C)C,1.105639
62,,Cc1ccc2c(c1)=[NH+][C@H](/C(C#N)=C/[C@H]1CN(Cc3ccccc3C#N)c3ccccc31)[NH+]=2,7.377918
63,,CNC(=O)Oc1cccc(CN(C)CCCCCCCOc2ccc3c(c2)OC/C(=C/c2cc(O)c(O)c(O)c2)C3=O)c1,8.598431
64,,C[N+]1(CC(=O)Nc2ccc3c(c2)C(=O)c2cccc4ccnc-3c24)CCCC1,6.4698887
65,,C[NH+](C)Cc1ccn2c(-c3ccnc(NCc4cccc(Cl)c4)n3)c(-c3ccc(F)cc3)nc2c1,8.955636
66,,CCc1ccc([C@H](CNC(=O)Nc2ccccc2S(C)(=O)=O)[NH+](C)C)cc1,7.0523596
67,,CC(C)[C@@H]([NH2+]CC1(c2cccc(F)c2)CCOCC1)C(=O)NC(C)(C)C,5.9229536
68,,O=C(CO/N=[N+](\[O-])N1CCCC1)NCCCNc1c2c(nc3ccccc13)CCCC2,5.723692
69,,CC[C@H](C)N(Cc1c(C)nn(-c2ccccc2)c1N1CC[NH+](CC)CC1)C(=O)c1cc(OC)cc(OC)c1,4.080721
70,,COCC[NH+](Cc1nc2scc(-c3ccc(C)cc3C)c2c(=O)[nH]1)C[C@@H](O)COCc1ccco1,6.7633877
71,,COc1cc2c(cc1OC)CC(CC1CCN(CCNc3c4c(nc5cc(Cl)ccc35)CCCC4)CC1)C2,8.918647
72,,Cc1cc2c(cc1C)=[NH+]C(=O)[C@@H]([C@@H]([C@@H]1N=NNN1C1CCCC1)[NH+](Cc1ccccc1)Cc1ccco1)C=2,8.459379
73,,CC(C)COc1ccc(CN2C(=O)CS/C2=N\N=C\c2cccc([N+](=O)[O-])c2)cc1,4.241818
74,,C[C@@H](OC(=O)C1CCN(c2ccc(C(F)(F)F)c[nH+]2)CC1)C(=O)Nc1ccccc1-c1ccccc1,5.1637297
75,,C[C@H]1C[C@@H]([NH2+][C@H]2CCC[C@@H](C)[C@H]2C)CC(C)(C)C1,1.5066323
76,,C[C@@H]1CC[C@H]2[C@@H](CCC[NH+]2Cn2ncsc2=S)C1,0.63083047
77,,CC(=O)Nc1ccc(S(=O)(=O)NCCC[NH+]2CCN(Cc3c(F)cccc3Cl)CC2)cc1Cl,8.261626
78,,COc1ccc(S(=O)(=O)CCCC(=O)N(CCC[NH+](C)C)c2nc3c(C)ccc(Cl)c3s2)cc1,6.254158
79,,COC(=O)c1ccc2c(c1)c(C[NH2+]CC(C)C)cn2C[C@@H](c1ccccc1O)S(=O)(=O)C(C)C,6.9685373
80,,CC[C@H](C)c1ccccc1NC(=O)[C@H](C)OC(=O)CSc1nnc(-c2cccs2)n1CC,5.488884
81,,C[C@H](OC(=O)c1ccc(NS(=O)(=O)c2ccc3c(c2)=[NH+]C(=O)[NH+]=3)cc1)C(=O)NC1CCCCC1,7.2512174
82,,Cc1ccc2c(c1)=[NH+][C@H](SCC(=O)NC[C@@H]1Cc3cc(Cl)cc(-c4cnccn4)c3O1)[NH+]=2,7.0017977
83,,C[C@H]([C@@H](Cl)c1ccccc1)[n+]1c(-c2ccccc2)cc(-c2ccccc2)cc1-c1ccccc1,5.233611
84,,CN1CCC=C(c2nsnc2OCCCOCC(=O)NCCCNc2c3c(nc4ccccc24)CCCC3)C1,6.4595213
85,,O=C(CCC1CCN(Cc2ccccc2)CC1)c1ccc2c(c1)CCN2c1ccccc1,8.201918
86,,COc1ccc(Nc2scc(-c3ccc(C)cc3)[n+]2C[C@@H]2CCCO2)cc1,5.2267923
87,,C/C=C1\C2C=C(C)C[C@]1(C(=O)OC)CC(NCCCCCCCNc1c3c(nc4ccccc14)CCCC3)C2,8.626189
88,,O=C(CC[C@H]1N=C(O)N(CCC2=c3ccccc3=[NH+]C2)C1=O)Nc1ccc(Oc2ccccc2)cc1,5.197055
89,,CC(=O)c1ccccc1OC[C@@H](O)C[NH+](Cc1ccccc1Cl)[C@@H]1CCS(=O)(=O)C1,6.877314
90,,COc1cccc(C(=O)NC[C@@H](C2=c3ccccc3=[NH+]C2)c2ccccc2Cl)c1OC,6.9732513
91,,O=C(C1=c2ccccc2=[NH+]C1)[C@@H](c1ccccc1)N1CCN([C@@H]2CCS(=O)(=O)C2)CC1,7.822443
92,,C[C@@H](S[C@@H]1NN=C(C[C@@H]2CCS(=O)(=O)C2)O1)C(=O)C1=c2ccccc2=[NH+]C1,5.311215
93,,CN1CC[C@@]2(C)c3cc(OC(=O)NCCCCCCCCCCCN4CCOCC4)ccc3N(C)[C@@H]12,6.622957
94,,C[C@@H](Oc1cc(-c2cnc3ccccn23)sc1C(N)=O)c1ccc(C[NH+](C)C)cc1Cl,7.372317
95,,CN1CCC(CCCC2Cc3ccccc3C2=O)CC1,6.2714567
96,,CC[C@@H]1CCCC[NH+]1CCCN1C(=O)c2cc3ccccc3n2C[C@@]1(C)C(=O)NC1CCCCC1,5.5703473
97,,Clc1ccc2c(NCCCCCCNc3c4c(nc5cc(Cl)ccc35)CCCC4)c3c(nc2c1)CCCC3,8.434886
98,,Cc1noc(C)c1CC(=O)N1CCC[NH+](Cc2cccs2)CC1,6.741291
99,,CC[NH+](CC)CCN(C(=O)c1cc(Cl)ccc1Cl)c1nc2c(SC)cccc2s1,3.9959908
100,,Cc1cc(C)cc(N/C(S)=C(/C(=O)c2cccs2)[n+]2cccc(C)c2)c1,0.072564244
101,,CCC[C@H](c1nnnn1C(C)(C)C)[NH+](Cc1cc2c(C)cc(C)cc2[nH]c1=O)C1CCCCC1,1.2027087
102,,COc1cc2c(cc1OC)C(=O)C(CCC1CCN(Cc3ccccc3)CC1)C2,6.5165625
103,,O=C1Cc2ccccc2C(=O)N1CCC1CCN(Cc2ccccc2)CC1,6.222421
104,,CC[NH+](CC)CCN(Cc1cccs1)C(=O)/[NH+]=c1/ccc2c(C)cc(O)oc-2c1,6.203544
105,,O=C(NCCCCCCCCNc1c2c(nc3cc(Cl)ccc13)CCCC2)c1c[nH]c2ccccc12,7.2123528
106,,O=C(NCCCN1CC[NH+](C2CCCCC2)CC1)[C@H]1CCCN1c1nnc(N2CCCC2=O)s1,8.196423
107,,c1cc[n+](CCCCCCCCCCC[n+]2ccccc2)cc1,4.511729
108,,CC(C)(C)c1ccc(NC(=O)C2=NO[C@@H](CNc3[nH+]cc(C(F)(F)F)cc3Cl)C2)cc1,6.8524776
109,,COc1cc2c(cc1OC)C(=O)/C(=C/c1cccc(CN3CCCCC3)c1)O2,6.5761824
110,,CCCOc1c(Br)cc(C[NH2+]CCSc2nnnn2-c2ccccc2)cc1OC,6.315005
111,,Cc1nc2ccccc2c(N)c1COCc1cccc(C(=O)C(F)(F)F)c1,6.6551027
112,,COc1ccc2cc(C(=O)CCC3CC[N+](C)(Cc4ccccc4)CC3)ccc2c1,8.433348
113,,C[NH+](C)[C@@H](CNC(=O)CCc1ncc(-c2ccc(Cl)cc2)o1)c1ccccc1Cl,7.232341
114,,N#CC(C#N)=C1NCCN1CCNCc1ccc(CN2CCCCC2)o1,5.723147
115,,COc1cc2c(cc1OC)C(=O)/C(=C/c1ccc(CN3CCCC3)cc1)C2,6.3535514
116,,CCOC(=O)/C=C(\C)N/[NH+]=c1\cc(-c2ccccc2)c2cc3c(-c4ccccc4)coc3c(C)c2o1,1.4807329
117,,O=C(CCCCC1CCSS1)NCCCCNc1c2c(nc3ccccc13)CCCC2,6.3854804
118,,CCCCSc1nc(N2CC[NH+](Cc3ccc(C)cc3C)CC2)c2c(CC)c(C)sc2n1,7.348768
119,,Nc1c2c(nc3cc(Cl)cc(Cl)c13)CCCC2,3.665999
120,,COC(=O)[C@H]1CC[C@@H]2[C@@H]3CCC4=CC(=O)CC[C@@]4(C)[C@@H]3CC[C@]12C,7.58332
121,,O=C(CSc1nnc(C2=c3ccccc3=[NH+]C2)n1-c1ccccc1)Nc1ccccc1Cl,7.311484
122,,C1CC[NH+]2[C@H](C1)C[C@H]1CCC[C@@H]12,1.0850618
123,,CN(C)Cc1ccc(CSCCNc2cc(NCCSCc3ccc(CN(C)C)o3)c([N+](=O)[O-])cc2[N+](=O)[O-])o1,7.142313
124,,Cc1nc(C[NH2+][C@@H]2COC[C@H]2O)cs1,1.0616163
125,,Cc1ccc2cc([C@@H](c3nnnn3C3CCCC3)[NH+](Cc3ccccc3)Cc3ccc(F)cc3)c(=O)[nH]c2c1,4.6302977
126,,C[n+]1ccc2c3ccccc3n(CCCCCCCCCCCCn3c4ccccc4c4cc[n+](C)cc43)c2c1,8.340398
127,,COC(=O)c1ccc(OC[C@H]2NO[C@H](C(=O)NCCC3=c4cc(F)ccc4=[NH+]C3)N2)cc1,6.7044673
128,,O=C(CSc1nc2ccccc2s1)N1CCC(c2ccccc2)=N1,4.756046
129,,CCOc1ccc([C@@H]2C(C(=O)c3ccc(OCC(C)C)cc3C)=C(O)C(=O)N2CCC[NH+](C)C)cc1,7.14543
130,,Cc1cc(F)ccc1NC(=O)c1cc(C(C)C)n2nccc2n1,5.968168
131,,CCOC(=O)Cn1nnnc1[C@H](CC)[NH+](Cc1ccc(C)cc1)Cc1cc2c(C)ccc(C)c2[nH]c1=O,3.2273118
132,,COc1ccc2c(c1)=[NH+][C@@H](/C(C#N)=C/c1cc(Cl)c(OCc3ccccc3F)c(OC)c1)[NH+]=2,6.723265
133,,O=[N+]([O-])c1ccc(/N=C(\S)NCCC2CCN(Cc3ccccc3)CC2)nc1,6.0676174
134,,CC(C)Cc1cc(C[NH+](CC2CC[NH+](C3CCCC3)CC2)C[C@H]2CCCO2)n[nH]1,6.9370093
135,,C[C@H](OC(=O)c1cc(-c2ccco2)nc2ccccc12)C(=O)Nc1ccc(S(N)(=O)=O)cc1,4.9382105
136,,Cc1cc(C)c2[nH]c(=O)c([C@H](c3nnnn3C(C)(C)C)[NH+](Cc3ccco3)Cc3ccccc3Cl)cc2c1,3.7430842
137,,COc1ccccc1NC(=O)[C@H]1C[C@@H]([C@@H]2CCCN(Cc3sccc3C)C2)[NH+](C)C1,7.9116087
138,,COc1cc2cc(-c3ccc(C[N+](C)(C)Cc4ccccc4)cc3)c(=O)oc2cc1OC,7.505332
139,,CSCC[C@@H](NC(=O)[C@@H]1CC=CCN1C(=O)[C@H](NC[C@H]([NH3+])CS)C(C)C)C(=O)[O-],7.2313733
140,,CC(=O)c1ccc(C(=O)NCCC2CCN(Cc3ccccc3)CC2)cc1,7.0852194
141,,CCc1ccc([C@H](CNC(=O)CCc2c(C)nc3ncnn3c2C)[NH+](C)C)cc1,7.2239122
142,,CC[NH+](CC)CCN(C(=O)CCCS(=O)(=O)c1ccc(Cl)cc1)c1nc2c(C)cccc2s1,6.3575635
143,,O=C(NCc1ccc(OCc2ccc(F)cc2)cc1)[C@@H]1CCC[NH+](Cc2nc(-c3cccs3)no2)C1,9.347767
144,,Cc1ccc(C[NH+](C[C@H](O)COc2ccc(C(C)C)cc2)C[C@H]2CCCO2)o1,6.9282756
145,,O=c1[nH]c2ccccc2c(=O)n1CCC1CCN(Cc2ccccc2)CC1,7.118555
146,,N#Cc1ccccc1-c1ccc(CN2CCN(C(c3ccc(F)cc3)c3ccc(F)cc3)CC2)cc1,8.605486
147,,c1ccc(CN2CCC(CCNc3cc4c(nn3)-c3ccccc3CC4)CC2)cc1,7.9442406
148,,COc1cc(CCC(=O)NCC(=O)NNc2c3c(nc4ccccc24)CCCC3)cc(OC)c1OC,5.7894306
149,,CCS(=O)(=O)Nc1cccc(N2CCC([NH2+]C[C@@H](c3cccnc3)N3CCOCC3)CC2)c1,8.279226
150,,CN(C)C(=O)Oc1cccc2c1CCC2N,3.5922325
151,,C[C@H](Sc1ccc(F)cc1F)C(=O)N1CCN(c2cccc[nH+]2)CC1,2.4244192
152,,COc1cc2cc(C(=O)CCc3cc[n+](Cc4ccsc4)cc3)sc2cc1OC,6.362883
153,,CC[C@H](c1nnnn1Cc1ccco1)[NH+](Cc1cccs1)Cc1cc2cc(OC)c(OC)cc2[nH]c1=O,3.7812052
154,,COc1ccc(C(=O)CCC2CCN(Cc3ccccc3)CC2)cc1OC,6.8314123
155,,CN1CCCc2ccc(C(=O)CCC3CCN(Cc4ccccc4)CC3)cc21,7.409623
156,,c1ccc2c(NCCCCCCCCNc3c4c(nc5ccccc35)CCCCC4)c3c(nc2c1)CCCCC3,8.334177
157,,C[C@H](c1ccc(S(N)(=O)=O)cc1)[NH+](C)Cc1nc2cc(Cl)ccc2n1C,2.4376998
158,,COc1cc(C(=O)NNc2c3c(nc4ccccc24)CCCC3)cc(OC)c1OC,6.535143
159,,CNC(=O)Oc1cccc(CN(C)CCCCCCCCCOc2ccc3c(=O)c4ccccc4oc3c2)c1,7.2960396
160,,COc1cc2c(cc1OC)C(=O)/C(=C/c1cc[n+](Cc3ccccc3)cc1)C2,5.130418
161,,COc1cc2c(cc1Cl)/C(=C\CC[NH+](C)C)c1ccccc1S2,5.589846
162,,COc1cc(C[NH2+]Cc2ccco2)cc(Br)c1OCC(=O)Nc1ccc(C)cc1,7.1093874
163,,CC(C)[C@@H](C(=O)N1CCN(Cc2cc(=O)n3ccsc3[nH+]2)CC1)N1CCCC1=O,7.7899466
164,,C[N+]1(C)CCO[C@@](O)(c2ccc(C#N)cc2)C1,5.0874157
165,,COc1cc(/C=C/C(=O)NCCCCCNc2c3c(nc4ccccc24)CCCC3)ccc1O,6.572288
166,,CC(C)(C)[NH2+]Cc1cc(Oc2cccc(Cl)c2Cl)ccn1,6.1590004
167,,COc1c(Br)cc(C[NH2+]CC(C)(C)C[NH+](C)C)cc1Br,4.295498
168,,O=C(O)c1cccc(N2C(=O)CCC2=O)c1,2.9807293
169,,Cc1ccn2c(NC3CCCCC3)c(-c3ccccc3OC(=O)Cc3cccs3)[nH+]c2c1,7.5362167
170,,CC[NH+](CC)[C@H](CNC(=O)CCc1ncc(-c2ccc(Cl)cc2)o1)c1ccccc1Cl,7.2523026
171,,c1ccc2c(c1)nnn2[C@H]([NH2+][C@H](C1CCCCC1)n1nnc2ccccc21)C1CCCCC1,8.390155
172,,CCN1/C(=C/c2sc3ccc(OC)cc3[n+]2C[C@H](O)CS(=O)(=O)[O-])C=Cc2cc(OC)ccc21,8.147329
173,,COc1cc2c(cc1OC)C(=O)C(CNCCCCCCCNc1c3c(nc4ccccc14)CCCC3)C2,7.0636277
174,,CC1=C[C@H]2Cc3[nH]c(=O)ccc3[C@@]3(C1)[C@@H]2CCCN3C(=O)CN(C)CCCCCCCCN(C)Cc1ccc(F)cc1,7.980402
175,,c1cc(CCNc2c3c(nc4ccccc24)CCCC3)nc(CCNc2c3c(nc4ccccc24)CCCC3)c1,8.578218
176,,CCC[NH+]1CCc2c(c(CN(C(=O)[C@@H](CC)c3ccccc3)C(C)C)nn2-c2ccc(C)cc2)C1,3.650235
177,,C[C@H](Cc1ccccc1F)NC(=O)[C@@H]1CN(C(=O)CCCc2ccccc2)CC12CC[NH2+]CC2,8.47864
178,,O=S(=O)(Nc1ccc2c(CCC3CCN(Cc4ccccc4)CC3)noc2c1)c1ccccc1,8.139641
179,,Cc1ccc([C@@H](NC(=O)[C@H]2CCC[NH+](Cc3nc(-c4cccs4)no3)C2)C(C)C)c(C)c1,7.7750278
180,,O=C(c1ccc(C[S@](=O)c2ccc(Br)cc2)o1)N1CC[NH+](C2CCCCC2)CC1,8.547615
181,,CCN(CC)Cc1ccc(/C=C2\Cc3cc(OC)c(OC)cc3C2=O)cc1,6.0022545
182,,CCCN(Cc1c(CC)nn(-c2ccc(F)cc2)c1N1CC[NH+](C(C)C)CC1)C(=O)C1CC1,5.604382
183,,O=C(/C=C/c1cn(-c2ccccc2)nc1-c1ccccc1)N1CC[NH+](C[C@H]2CCCO2)CC1,4.601832
184,,O[C@H](c1cccc(Br)c1)[C@@H]1CCCC[NH2+]1,5.072991
185,,O=C1CNc2cc3onc(CCC4CCN(Cc5ccccc5)CC4)c3cc2C1,7.0280156
186,,O=C(CCCCCNc1c2c(nc3ccccc13)CCCC2)NCCc1c[nH]c2ccc(O)cc12,7.3794274
187,,CCCC[C@H](CC)C(=O)N(c1cccc(Cl)c1)[C@@H](C(=O)NC1CCCCC1)c1ccc(N(C)C)cc1,3.9362593
188,,COc1cc2cc(C(=O)CCC3CC[N+](C)(Cc4ccc([N+](=O)[O-])o4)CC3)sc2cc1OC,7.6654334
189,,FC(F)(F)c1ccc(/[NH+]=c2\oc3ccccc3cc2-c2nc3ccccc3[nH]2)cc1,3.548079
190,,COc1cc2c(cc1OC)C(=O)C(Oc1ccc(CCN3CCCC3)cc1)C2,6.9394894
191,,COc1ccccc1N/C(=[NH+]/N=C/c1ccc(OCCC(C)C)c(OC)c1)c1ccc2ccccc2n1,4.6687317
192,,CCCOc1ccc(-c2[nH+]c3ccc(N)cn3c2CN2C[C@H](C)O[C@@H](C)C2)cc1,5.954931
193,,c1ccc2c(NCCc3ccc(OCCCN4CCCCC4)cc3)c3c(nc2c1)CCCC3,7.6869926
194,,Clc1ccc2c(NCCCNCCCCCOc3cccc4[nH]c5ccccc5c34)c3c(nc2c1)CCCC3,7.993376
195,,Nc1ccc(Cl)c(C[NH+]2CCC[C@H]3CCCC[C@@H]32)n1,2.6632938
196,,CCC[NH+]1CCC(C2=NC(c3ccc(F)cc3)=C(c3ccncc3)C2)CC1,6.800805
197,,COc1ccc(NC(=O)Oc2ccc3c(c2)[C@]2(C)CCN(C)C2N3C)cc1,5.62485
198,,CC[C@@H](C)[NH+](C)CC(=O)c1ccc(Br)s1,3.1991816
199,,Clc1ccc2c(c1)N=C1CCCN1C2NCCCCCCCC/N=c1/c2ccc(Cl)cc2nc2n1CCC2,8.253928
200,,COc1cccc([C@@H](CNC(=O)c2[nH]c(C)c(C(C)=O)c2C)C2=c3ccccc3=[NH+]C2)c1OC,6.443242
201,,Cc1ccc([C@@](O)(C2CCCCC2)[C@@H](C[NH+]2CCCC2)Oc2ccc(Cl)cc2Cl)cc1,6.5188403
202,,O=C(CCCCCCNc1c2c(nc3cc(Cl)cc(Cl)c13)CCCC2)NCCc1c[nH]c2ccccc12,6.895549
203,,Nc1c2c(nc3cccc(Cl)c13)CCCCC2,3.154808
204,,COCCn1nnnc1[C@H]([C@@H]1C=c2cc(C)ccc2=[NH+]C1=O)[NH+](Cc1ccccc1)Cc1ccc(Cl)cc1,4.0468674
205,,CCCCC1=NC2(CCCC2)C(=O)N1Cc1ccc(-c2ccccc2C#N)cc1,6.350919
206,,C1Cn2c(nnc2[C@H]2COCCO2)C[NH2+]1,2.5699093
207,,O=C(CNc1c2c(nc3ccccc13)CCCC2)NCC1CCN(c2ccccc2)CC1,7.395056
208,,CN(CCCCNc1c2c(nc3ccccc13)CCCC2)CCCNc1c2c(nc3ccccc13)CCCC2,8.683632
209,,CN1CCC(CC/C=C2\Cc3ccccc3C2=O)CC1,6.0273376
210,,O=C(CCN1CCCC1)Nc1ccc2nc3n(c(=O)c2c1)CCc1c-3[nH]c2ccccc12,6.351115
211,,C[C@@H]1[C@@H](C2[NH+]=c3ccccc3=[NH+]2)[C@@H](NC(=O)c2ccccc2F)[NH+](Cc2ccco2)[C@H]1C,8.17363
212,,O=C(CO/N=[N+](\[O-])N1CCCC1)NCCCCNc1c2c(nc3ccccc13)CCCC2,6.104825
213,,O=C(NCCn1c(CCc2ccccc2)nc2ccccc21)Nc1ccc(Br)cc1F,8.565784
214,,O=C(Nc1ccccc1)c1ccc2c(c1)C(=O)N(CCC1CCN(Cc3ccccc3)CC1)C2=O,8.514188
215,,CCCCCCOc1ccc(Br)cc1C(=O)NNC(=O)COc1ccc(C)cc1C,6.212191
216,,C[C@@H]([NH3+])[C@@H](Oc1ccccc1I)c1ccc(Cl)s1,5.4009
217,,O=C(CCc1c[nH]c2ccccc12)NCCCCCCCCCCNc1c2c(nc3cc(Cl)ccc13)CCCC2,7.9172993
218,,CCOC(=O)c1ccc(NC(=S)NNC(=O)c2ccc(COc3ccc4c(c3)CCC4)o2)cc1,4.4917994
219,,Cc1ccc(SCCC(=O)N(CC[NH+](C)C)Cc2ccc(C#N)cc2)cc1C,7.503056
220,,CCOC(=O)N1CCN(c2nc3ccc(C)cc3cc2C[NH2+]C23CC4CC(CC(C4)C2)C3)CC1,5.909883
221,,Cc1ccccc1NC(=O)Oc1ccc2c(c1)[C@@]1(C)CO[C@H](C1)O2,4.9995103
222,,CCCC[NH+]1Cc2cccc(NC(=O)Cc3csc(-c4cccnc4)n3)c2C1,7.7495832
223,,CC1=CC2Cc3nc4cc(Cl)ccc4c(NCCCCCCCCNc4c5c(nc6ccccc46)CCCC5)c3C(C1)C2,9.557881
224,,c1cc(CCNc2c3c(nc4ccccc24)CCCC3)cc(CCNc2c3c(nc4ccccc24)CCCC3)c1,7.9407196
225,,CN(CCCNc1c2c(nc3ccccc13)CCCC2)CCCNc1c2c(nc3ccccc13)CCCC2,8.611525
226,,CCOC[C@@H](O)C[NH+](Cc1c(C)nn(-c2ccccc2)c1Oc1ccc(F)cc1F)[C@@H](C)CC,4.734623
227,,C[C@@H]1C[C@H](C)CN(C(=O)C[NH+]2CCC[C@@H]2[C@@H]2CCCN2)C1,2.9256592
228,,CN1CCC=C(c2nsnc2OCCCCNCCCCNc2c3c(nc4ccccc24)CCCC3)C1,7.374216
229,,O=C(Nc1ccc(-n2cncn2)c(F)c1)N1CCC[C@@H]1C1CCCCC1,6.3685975
230,,CCOc1ccc(-c2cc(C(=O)N3CC[NH+](C(c4ccccc4)c4ccccc4)CC3)c3ccccc3n2)cc1,7.923334
231,,CC(C)=CCC[C@@]1(C)OC(=O)N(CCC2=c3cc(OC(F)(F)F)ccc3=[NH+][C@H]2C)[C@]1(C)O,7.745254
232,,CN(CCCNC(=O)CCc1c[nH]c2ccccc12)CCCNc1c2c(nc3cc(Cl)ccc13)CCCC2,7.4250393
233,,O=C(NCCC1CCN(Cc2ccccc2)CC1)c1ccncc1,6.0833716
234,,CC1=C(CC(=O)NC2[NH+]=c3ccccc3=[NH+]2)C(=O)N2N=C(c3ccccc3)N[C@H]2N1Cc1ccccc1,8.634297
235,,C1=CC2N=C3CCCCC3=C(NCCCCCCCNc3c4c(nc5ccccc35)CCCC4)C2C=C1,8.044045
236,,CNC(=O)Oc1cccc(CN(C)CCCCCOc2ccc3c(=O)c4ccccc4oc3c2)c1,7.07129
237,,C[C@@H](c1nnc(SCc2nccn2C(F)F)n1-c1ccc(F)cc1)[NH+]1CCCCC1,6.2782145
238,,c1ccc2/c(=N/CCCCCCC/N=c3\c4ccccc4nc4n3CCCCC4)n3c(nc2c1)CCCCC3,6.569029
239,,CC[C@@H]([C@@H]1NN=C(S[C@@H](C)C(=O)C2=c3ccccc3=[NH+][C@@H]2C)N1c1ccc(OC)cc1)[NH+](C)C,6.937748
240,,CCc1c2c(nc3ccc(OC(=O)N4CCC(N5CCCCC5)CC4)cc13)-c1cc3c(c(=O)n1C2)COC(=O)[C@]3(O)CC,8.915748
241,,CC[C@@]1(c2cccc(O)c2)CCCCN(CCCCCCCCCCN2CCCC[C@@](CC)(c3cccc(O)c3)C2)C1,11.019249
242,,Cc1cc(C)cc(N(CCC#N)C(=O)C[NH+]2CCC[C@@H]2c2ccc3c(c2)OCCCO3)c1,1.1220813
243,,O=C1CCCN1CC#CCN1CCCC1,2.2001214
244,,CN(CCOCCNC(=S)NC(=O)c1ccc2c(c1)-c1ccccc1C2=O)Cc1ccccc1,5.5205374
245,,O=C(NC(=S)NCCC1CCN(Cc2ccccc2)CC1)c1ccc2c(c1)C(=O)c1ccccc1-2,7.446168
246,,C[C@H](OC(=O)COc1cc(Cl)c(Cl)cc1Cl)C(=O)NC1(C#N)CCCCC1,6.6155367
247,,COc1cc2oc(-c3ccc(N4CCCCC4)cc3)cc(=O)c2cc1OC,6.389045
248,,Cc1cccc(Cl)c1NC(=S)N(CCCn1cc[nH+]c1)Cc1cccc(F)c1,7.0551233
249,,C[N+]1(Cc2ccccc2)CCC(CCC(=O)c2ccc3c(c2)CCO3)CC1,7.7094316
250,,c1ccc(CN2CCC(CCNc3cc4ccc5ccccc5c4nn3)CC2)cc1,7.9776483
251,,CCN(CCCCCCC(=O)c1ccc(OC)c(OC)c1)Cc1ccccc1OC,7.058625
252,,CN1CCC=C(c2nsnc2OCCCOCCCC(=O)NCCCNc2c3c(nc4ccccc24)CCCC3)C1,6.8274164
253,,Cc1nc2cccc(F)c2c(N)c1CSC1(C(F)(F)F)CCCO1,4.4222302
254,,O=[N+]([O-])c1ccc(/C=[NH+]/[C@@H]2CCCC[C@H]2/[NH+]=C/c2ccc([N+](=O)[O-])cc2)cc1,5.8861127
255,,Cc1cc(C[NH+]2CCC[C@@H](C(=O)Nc3ccc(-c4ccn[nH]4)cc3)C2)oc1C,6.5001116
256,,c1ccc2c(c1)[nH]c1c[n+](CCCCCCCCCCC[n+]3ccc4c(c3)[nH]c3ccccc34)ccc12,5.895516
257,,CCOc1cc(C[NH2+][C@H](c2ccc3c(c2)OCCO3)C(C)C)ccc1OC(F)F,7.8776436
258,,c1ccc2c(NCCc3cocc3CCNc3c4c(nc5ccccc35)CCCC4)c3c(nc2c1)CCCC3,7.9469004
259,,CCc1oc2ccccc2c1CN(C)C(=O)CC1=c2ccccc2=[NH+]C1,6.432251
260,,Cc1ccc([C@H]2[C@H]3[NH+]=c4ccccc4=C3CCN2C(=O)c2cccs2)cc1,3.42406
261,,CCCC[C@H](CC)C(=O)N(c1ccccc1Cl)[C@@H](C(=O)NC(C)(C)CC(C)(C)C)c1ccc(O)cc1,6.1619573
262,,O=C(CCCCC1CCSS1)NCCNc1c2c(nc3ccccc13)CCCC2,6.03782
263,,Clc1ccc2/c(=N/CCCCCCCC/N=c3/c4ccc(Cl)cc4nc4n3CCC4)n3c(nc2c1)CCC3,6.9515877
264,,Cc1oc(-c2cccc3ccccc23)nc1C[NH+](C)Cc1nc(-c2cccnc2)no1,8.024369
265,,CCN1CCN(CCCCCCCCOc2ccc(CN(CC)CC)cc2)CC1,8.433296
266,,CCN(CC)Cc1ccc(OCCCCCCCCN2CCCC2)cc1,7.5371413
267,,CCOC(=O)[C@H]1CCCCN1C(=O)C[NH+]1CCCN(C(=O)C(C)(C)C)CC1,1.4265802
268,,O=C(Cc1c[nH]c2ccccc12)NCCCCCCCNc1c2c(nc3cc(Cl)ccc13)CCCC2,6.9909515
269,,COc1ccc2c3c1O[C@H]1C[C@@H](O)C=C[C@@]31CCN(CCCCCCOc1ccc(CN3CCCCC3)cc1)C2,9.169187
270,,CN1CC[C@@]2(C)c3cc(OC(=O)NCCCCCCCCCCCCN4CCOCC4)ccc3N(C)[C@@H]12,6.73595
271,,CNC(=O)Oc1cccc(CN(C)CCCOc2ccc3ccccc3c2)c1,6.6798916
272,,COc1cc2c(cc1OC)C(=O)C(Oc1ccc(CN3CCCC3)cc1)C2,6.588555
273,,C[C@H]([NH2+]Cc1cc(Cl)c(OCc2ccccc2)c(Cl)c1)c1ccccc1,7.121035
274,,COc1ccc([C@@H](C)[NH2+]CC(=O)Nc2cc(C)c(Cl)cc2OC)cc1Br,6.295597
275,,O=C(CCCCC1CCSS1)NCCCCCNc1c2c(nc3ccccc13)CCCC2,6.6310544
276,,CCc1ccc(N(Cc2ccccc2Cl)C2=[NH+][C@H]3CS(=O)(=O)C[C@@H]3S2)cc1,5.193049
277,,O=S1(=O)CC[C@@H]([NH+](Cc2ccccc2F)C[C@H](O)COc2ccccc2F)C1,6.707732
278,,COc1ccc2c3c1O[C@H]1C[C@@H](O)C=C[C@@]31CCN(CCCCOc1ccc(C(=O)N3CCCC3)cc1)C2,8.793458
279,,CC[C@@H](C(=O)N(c1cccc(Cl)c1)[C@@H](C(=O)NC(C)(C)CC(C)(C)C)c1cccc(O)c1)c1ccccc1,6.6911774
280,,C[C@@H]1CN(c2nc3cc(Cl)ccc3c3nnc(-c4cccs4)n23)CC[NH2+]1,7.3489175
281,,O=C(NCc1ccccn1)[C@@H](c1cc2ccccc2o1)[NH+]1CCN(C(c2ccccc2)c2ccccc2)CC1,7.552962
282,,CC(C)NC(=O)[C@@H]1C[C@@H](SC2[NH+]=c3ccccc3=[NH+]2)C[NH+]1Cc1ccc(OC(F)(F)F)cc1,8.87947
283,,COc1cc2occ(-c3cccc(N4CCCC4)c3)c(=O)c2cc1OC,5.5684776
284,,CN1CCC=C(c2nsnc2OCCCOCCC(=O)NCCCNc2c3c(nc4ccccc24)CCCC3)C1,6.6775737
285,,COc1cc(O)c(C(=O)/C=C/c2ccc(N3CCCC3)cc2)cc1OC,5.6406393
286,,CCCCN(C)C(=O)[C@@H]1N=C2C=CC=CN2[C@H]1C[NH+](C)C[C@@H]1N=CC(C)=N1,7.072305
287,,Cn1cc(C(=O)NCCCCCCCNc2c3c(nc4cc(Cl)ccc24)CCCC3)c2ccccc21,7.483567
288,,c1ccc2c(NCCc3ccc(CCNc4c5c(nc6ccccc46)CCCC5)cc3)c3c(nc2c1)CCCC3,7.223551
289,,c1cnc2nc3c(c(NCCCCCCNc4c5c(nc6ncccc46)CCCC5)c2c1)CCCC3,6.9194937
290,,COCc1c(C(=O)N2C[C@H](c3ccccc3)OC[C@@H]2C)sc2ccccc12,6.5058584
291,,C[NH+](C)CCCNc1cccc(-c2cc3c4c(ccc3o2)OC(C)(C)C=C4)n1,7.039713
292,,COc1ccc2c3c1O[C@H]1C[C@@H](O)C=C[C@@]31CCN(CCCCCCCCOc1ccc(CN3CCCCC3)cc1)C2,8.878176
293,,c1ccc2c(c1)[nH]c1c[n+](CCCCCCCCCCCC[n+]3ccc4c(c3)[nH]c3ccccc34)ccc12,6.0106735
294,,COc1cc(/C=C/C(=O)NCCCNc2c3c(nc4ccccc24)CCCC3)ccc1O,6.453158
295,,O=C(CCc1c[nH]c2ccccc12)NCCCCCNc1c2c(nc3cc(Cl)ccc13)CCCC2,6.6546583
296,,COCCCn1c(SCC(=O)Nc2ccc(C3CCCCC3)cc2)nnc1-c1ccncc1,6.8297777
297,,CCCCc1[nH]c(Cl)c(CN2Cc3ccccc3O[C@@H](C[NH+](C)C)C2)[nH+]1,6.505533
298,,O=C(c1ccncc1)N(CCC1CCN(Cc2ccccc2)CC1)c1ccccc1,6.9372993
299,,O=C(CCCc1c[nH]c2ccccc12)NCCCCCNc1c2c(nc3cc(Cl)ccc13)CCCC2,6.7208977
300,,CCCCCOc1ccc([C@@H]2c3c(-c4cc(C)cc(C)c4O)n[nH]c3C(=O)N2CCCCC)cc1OCC,7.3952823
301,,CSc1ccc2[nH+]c(N3CCN(C/C=C/c4ccccc4)CC3)cc(C)c2c1,7.444425
302,,C[C@H]1[NH+]=c2ccccc2=C1CCN(Cc1ccccn1)C(=S)Nc1cccc(F)c1,7.1674614
303,,CCCCCCC(=O)N(Cc1c(CC)nn(-c2ccc(F)cc2)c1N1CC[NH+](C(C)C)CC1)CC(C)C,6.4730806
304,,CCN(CC)CCC(=O)Nc1ccc2nc3n(c(=O)c2c1)CCc1c-3[nH]c2ccccc12,5.400322
305,,c1ccc2c(NCCCCCCCCCCNc3c4c(nc5ccccc35)CCCC4)c3c(nc2c1)CCCC3,8.75458
306,,Cc1nc2ccc(C(=O)CCC3CCN(Cc4ccccc4)CC3)cc2s1,6.626685
307,,C[N+](C)(CC(=O)c1ccc(-c2ccc(C(=O)C[N+](C)(C)CC3OCCCO3)cc2)cc1)CC1OCCCO1,3.4244049
308,,Oc1c(CNCCCCCCCCCCNc2c3c(nc4ccccc24)CCCC3)ccc2cccnc12,8.064694
309,,CCC(C)(C)n1nnnc1[C@H](C(C)C)[NH+](CCc1ccccc1)Cc1cc2cccc(C)c2[nH]c1=O,0.64606076
310,,CC(C)Oc1ccc(C[NH2+]CC[C@@]2(Cc3ccccc3Cl)CCOC(C)(C)C2)cc1,5.8856425
311,,CC[C@H](C)C1=N[C@H]2CC[C@]34C[C@]35C(=O)C[C@]3(C)[C@@H]([C@H](C)N(C)C)[C@H](O)C[C@@]3(C)[C@@H]5CC[C@H]4[C@]2(C)CN1,4.6231995
312,,O=C(C1=c2ccccc2=[NH+]C1)[C@@H](S[C@@H]1NN=NN1Cc1ccco1)c1ccccc1,5.008888
313,,COc1cc(CCC(=O)NCCCCCC(=O)NNc2c3c(nc4ccccc24)CCCC3)cc(OC)c1OC,6.30746
314,,CNC(=O)Oc1cccc(CN(C)CCCOc2ccc(Cc3ccccc3)cc2)c1,7.1457796
315,,CCN(CC(F)(F)F)CC(CC)(CC)C[NH2+]C1CC1,2.6407568
316,,COc1cc2c(cc1O)C(=O)C(C)C2,1.4869363
317,,O=C(CCC1CCN(Cc2ccccc2)CC1)c1ccc2c(c1)OCCO2,6.421172
318,,CN(CCCCSc1c2c(nc3ccccc13)CCCC2)CCCNc1c2c(nc3ccccc13)CCCC2,8.031643
319,,COc1cc2cc(C(=O)C3CCC[N+](C)(Cc4ccc([N+](=O)[O-])o4)CC3)sc2cc1OC,5.80972
320,,COc1cc2oc(-c3ccc(N4CCCC4)cc3)cc(=O)c2cc1OC,6.10872
321,,O=c1ccc2c([nH]1)CCC[C@@H]2NCCCCCCCCCCCCN[C@H]1CCCc2[nH]c(=O)ccc21,7.96507
322,,Cc1ccc2c(c1)=C[C@@H](CN(C(=O)c1cccs1)C1CCCCC1)C(=O)[NH+]=2,5.863882
323,,Cc1c(N2CCN(C)CC2)nc2ccccc2c1C(=O)NCCCCCCCNc1c2c(nc3ccccc13)CCCC2,8.82515
324,,O=C(CNc1c2c(nc3ccccc13)CCCC2)NCCC1CCN(Cc2ccccc2)CC1,8.054006
325,,CCN(CCCCCN1C(=O)c2ccc([N+](=O)[O-])cc2C1=O)Cc1cccc(OC(=O)NC)c1,6.2284713
326,,COc1ccc(C)cc1S(=O)(=O)NCCC1=c2cc(OC(F)(F)F)ccc2=[NH+][C@@H]1C,6.3473387
327,,c1ccc(CN2CCC(CCCc3noc4ccccc34)CC2)cc1,6.7264037
328,,C[C@H]1CCC[C@]([NH3+])(c2nc(-c3ccc(F)c(Cl)c3)cs2)C1,2.1291022
329,,O=C(C1CC1)N1CCC[C@@H](C(=O)N2CCC[C@@H]2C[NH+]2CCCC2)C1,6.246505
330,,COc1ccc2c3c1O[C@H]1C[C@@H](O)C=C[C@@]31CCN(CCCCCOc1ccc(CN3CCCCC3)cc1)C2,9.476476
331,,COc1ccc(-c2cc3c(c(=O)o2)C[C@@]2(O)[C@@]4(C)C=CC(=O)C(C)(C)[C@@]4(O)CC[C@@]2(C)O3)cc1,1.3338225
332,,CCn1c(C)nc2cc(C(=O)CCC3CCN(Cc4ccccc4)CC3)ccc21,7.024829
333,,CNC(=O)Oc1cccc(CN(C)CCCOc2ccc3c(c2)O/C(=C\c2cccc4ccccc24)C3=O)c1,7.4231367
334,,O=C(CCc1c[nH]c2ccccc12)NCCCCCCNc1c2c(nc3cc(Cl)ccc13)CCCC2,6.8249946
335,,O=c1cc(C[NH+]2CCN(c3ccccc3F)CC2)nc(N2CCC[NH+](Cc3cccs3)CC2)[nH]1,10.445768
336,,COc1cc2c(cc1OC)C(=O)C(CN1CCN(Cc3ccccc3)CC1)C2,6.755292
337,,O=C(CCOCCc1c[nH]c2ccccc12)NCCCCCNc1c2c(nc3cc(Cl)ccc13)CCCC2,6.582146
338,,CCC(C)(C)[NH2+][C@H]1CC(=O)N(C2CCCCC2)C1=O,0.6398046
339,,CCN(CCCCCCN1C(=O)c2cccc3cccc(c23)C1=O)Cc1ccccc1OC,5.312964
340,,O=C1Cc2ccccc2CN1CCC1CCN(Cc2ccccc2)CC1,6.634714
341,,COc1cc2cc(C(=O)CCc3cc[n+](Cc4ccc([N+](=O)[O-])o4)cc3)sc2cc1OC,5.7938457
342,,CCOc1ccccc1CN(CCCn1cc[nH+]c1)C(=O)Nc1ccc(Cl)cc1F,7.974147
343,,CCN(CC)Cc1ccc(OCCCCN2CC[C@@]34C=C[C@H](O)C[C@@H]3Oc3c(OC)ccc(c34)C2)cc1,8.771209
344,,COc1ccc2c3c1O[C@H]1C[C@@H](O)C=C[C@@]31CCN(CCCCOc1ccc(CN3CCCCC3)cc1)C2,9.510848
345,,O=[N+]([O-])/C=C(\NCCC1CCN(Cc2ccccc2)CC1)Nc1ccccc1,3.1163487
346,,c1ccc(CN2CCC(CCNc3ccc(-c4cccs4)nn3)CC2)cc1,6.608315
347,,COc1ccc2c3c1O[C@H]1C[C@@H](O)C=C[C@@]31CC[N+](CCCCCCCCN1C(=O)c3ccccc3C1=O)=C2,7.5291576
348,,Cc1cccc(C[NH+]2CCC(c3nnc(SC[C@@H]4CCCO4)n3C)CC2)n1,4.9728413
349,,Cc1nn(CCn2c[nH+]c(-c3ccccc3)c2[C@H]2CC=CCC2)c(C)c1C,5.743281
350,,c1ccc2c(NCCCCCCCCNc3c4c(nc5ccccc35)CCCC4)ccnc2c1,7.7747183
351,,O=C1CCc2cc3c(CCC4CCN(Cc5ccccc5)CC4)noc3cc2N1,7.0755663
352,,c1cnc(-n2cccc2CN2CC[C@]3(CCC[NH+](CC4CCC4)C3)C2)nc1,8.287892
353,,COc1cc2c(cc1OC)SC(C(=O)CCc1cc[n+](Cc3ccc(F)cc3)cc1)C2,6.247796
354,,CCCCCC[C@H](C)c1cc(OCC[NH+](CC)CC)c2c(c1)OC(C)(C)C=C2c1ccncc1,7.57547
355,,COc1cc2c(cc1OC)CC(CC1CCN(CCCNc3c4c(nc5cc(Cl)ccc35)CCCC4)CC1)C2,9.150516
356,,COc1cc(C(=O)NCC(=O)NNc2c3c(nc4ccccc24)CCCC3)cc(OC)c1OC,6.841961
357,,O=C1c2ccccc2CN1CCC1CCN(Cc2ccccc2)CC1,6.282897
358,,CCC[NH+]1Cc2cccc(NC(=O)c3cnc4ccccc4n3)c2C1,6.100103
359,,O=C1Cc2cc3c(CCC4CCN(Cc5ccccc5)CC4)noc3cc2N1,6.5701056
360,,Cc1ccc(C)c(C[C@H](Cl)c2ccoc2)c1,3.716763
361,,CC1(C)[NH2+]CC[C@]12CCCc1ccccc12,0.49515122
362,,CO[C@H]1CCCN(O)[C@@]12CC[C@H](F)C2,3.9025156
363,,Nc1c2c(nc3cnccc13)OCCC2,3.9392743
364,,O=c1ccc2c([nH]1)CCC[C@@H]2NCCCCCCCCCCN[C@H]1CCCc2[nH]c(=O)ccc21,7.628667
365,,CCc1ccccc1NC(=S)N(CCCn1cc[nH+]c1)Cc1ccccc1F,6.87996
366,,O=C([O-])Cc1cc(-c2ccc(F)cc2)ccn1,3.6810353
367,,CC1(C)CC(NC(=O)Cc2csc(-c3ccc(CN4CCOCC4)cc3)n2)CC(C)(C)[NH2+]1,9.669174
368,,S=C(NCCC1CCN(Cc2ccccc2)CC1)Nc1ccccn1,6.523798
369,,CCOC(=O)CC(=O)c1n(-c2ccc(F)cc2)c(-c2ccccc2)n[n+]1C(C)(C)C,6.7276535
370,,[NH3+]C[C@H](c1ccc(Cl)c(Cl)c1)N(CC(F)(F)F)C1CC1,2.314242
371,,COc1cc(C)c(S(=O)(=O)NCCC2=c3cc(Br)ccc3=[NH+][C@@H]2C)cc1C,6.597717
372,,CN(CCC#N)c1ccc(C[NH2+]Cc2ccccc2COCc2ccccc2)cc1,7.4866505
373,,CC1=CC2Cc3nc4cc(Cl)ccc4c(NCCCCCCNc4c5c(nc6ccccc46)CCCC5)c3C(C1)C2,9.103087
374,,Cc1ccc(CN(C(=O)Cc2ccccc2)[C@H](C(=O)NC(C)(C)CC(C)(C)C)[C@@H](C)c2ccccc2)o1,5.4302793
375,,C=CCNC(=O)COC(=O)c1cccc(S(=O)(=O)N(CC=C)c2cccc(C(F)(F)F)c2)c1,5.741572
376,,CCCCc1ccc(NC2=NC(=O)/C(=C/c3ccccc3OCc3ccc(C)cc3)S2)cc1,7.4411097
377,,COCC[N+]1(C)CCC(CCC(=O)c2cc3cc(OC)c(OC)cc3s2)CC1,7.9577703
378,,COc1cc2c(cc1OC)C(=O)C(CC1CCN(Cc3ccccc3)CC1)C2,6.433336
379,,Cc1c(C)c2ccc(OCCCCOc3cc(O)cc([N+](C)(C)C)c3)cc2oc1=O,6.6705694
380,,CC(C)[NH+](Cc1ccccc1)Cc1cccnc1Cl,4.3005404
381,,COc1ccc2c3c1O[C@H]1C[C@@H](O)C=C[C@@]31CCN(CCOc1ccc(CN3CCCCC3)cc1)C2,9.0577
382,,COc1cc2cc(C(=O)CCC3CC[N+](C)(CC4CCCCO4)CC3)sc2cc1OC,9.257863
383,,COc1cc2c(cc1OC)C(=O)C(Oc1ccc(CCN3CCCCC3)cc1)C2,7.490686
384,,COc1ccc2c3c1O[C@H]1C[C@@H](O)C=C[C@@]31CCN(CCCCCCCCN1C(=O)c3ccccc3S1(=O)=O)C2,8.2222
385,,c1ccc(CN2CCC(CCNc3ccc(-c4ccc5c(c4)OCO5)nn3)CC2)cc1,7.15667
386,,CN1CCC=C(c2nsnc2OCCCCNCCCCCCCCNc2c3c(nc4ccccc24)CCCC3)C1,8.437897
387,,COc1cc2c(cc1OC)C(=O)C(CC1CCN(CCCNc3c4c(nc5cc(Cl)ccc35)CCCC4)CC1)C2,9.19232
388,,CN1CCC(/C=C2\Cc3ccccc3C2=O)CC1,4.98864
389,,COCC[N+]1(C)CCCC(C(=O)c2cc3cc(OC)c(OC)cc3s2)CC1,7.683924
390,,CCN(CC)Cc1ccc(OCCCCCCCCN2CCCCC2)cc1,8.049352
391,,Cc1ccc2c(c1)=[NH+]C(=O)[C@@H]([C@H]([C@@H]1N=NNN1C(C)(C)C)[NH+](CCc1ccccc1)Cc1ccc(F)cc1)C=2,8.493987
392,,O=C1Nc2ccccc2CN1CCC1CCN(Cc2ccccc2)CC1,7.098504
393,,COc1cc(S(=O)(=O)NCCC2=c3cc(C)ccc3=[NH+][C@H]2C)c(C)cc1C,6.091361
394,,CCC(CC)C(=O)N(Cc1cc2ccc(OC)cc2[nH+]c1N(C)Cc1csc(C)n1)C1CC1,2.37365
395,,CC(C)(C)C[NH+]1CCNC(=O)[C@@H]1CC(=O)NCCc1ccccc1C(F)(F)F,6.622555
396,,CCOc1cc(C[NH2+]C(C)(C)C)cc(Br)c1OCc1ccc(Cl)cc1Cl,7.0242314
397,,C=CCC[C@@H](O)C[NH+](CC(=O)N1CCc2sccc2[C@@H]1COc1cccc(OC)c1)CC(C)C,5.4300995
398,,COc1ccc(Oc2c(C[NH+](C[C@H](O)COC(C)(C)C)C(C)C)c(C)nn2-c2ccccc2)cc1,4.6407313
399,,C/C=C1\C2C=C(C)C[C@]1(N)c1ccc(O)nc1C2(C)C,4.334935
400,,CC(C)CSc1nc(N2CC[NH+](CC(N)=O)CC2)c2c3c(sc2n1)CCCC3,7.876997
401,,[NH3+][C@@H]1C[C@H]1N1C(=O)COCC1=O,0.60210294
402,,CCn1c2ccccc2c2cc(/C=N/Nc3ccc(C(F)(F)F)cn3)ccc21,3.1981432
403,,Cc1cccc2c1ccn2CCC(=O)NCCC1=c2ccccc2=[NH+]C1,6.172738
404,,O=C(CNc1c2c(nc3ccccc13)CCCC2)NCCC1CCN(c2ccccc2)CC1,7.472505
405,,CC1=CC2Cc3nc(O)ccc3C3(C1)NCCCC23,5.1030416
406,,C[C@H]([NH2+]CC(=O)NCC(=O)Nc1ccc(F)c(F)c1)c1ccc(Cl)cc1Cl,7.3998013
407,,Cc1cccn2c(=O)c3cc(C(=O)NCc4ccco4)c(N)[n+](C[C@H]4CCCO4)c3nc12,7.722346
408,,CNC(=O)Oc1cccc(CN(C)CCCOc2ccc(-c3ccccc3)cc2)c1,6.3630433
409,,O=C(CCOc1c[nH]c2ccccc12)NCCCCCNc1c2c(nc3cc(Cl)ccc13)CCCC2,6.9477916
410,,c1ccc2c(NCCCCCCCNc3c4c(nc5ccccc35)CCCCC4)c3c(nc2c1)CCCCC3,8.073029
411,,Cc1ccccc1N1CC[NH+]([C@H](C)C(=O)N[C@H](C)c2ccccc2)CC1,6.1764426
412,,N#Cc1cccnc1Oc1ccccc1NCC(=O)NC1(C#N)CCCCCC1,7.4657755
413,,CCN(CCNC1=CC(=O)C(NCCN(CC)Cc2ccccc2OC)=CC1=O)Cc1ccccc1OC,8.616234
414,,c1ccc2c(NCCCCCCNc3c4c(nc5ccccc35)CCCCC4)c3c(nc2c1)CCCCC3,7.937317
415,,COc1cc(C(=O)NCCCCCCCCC(=O)NNc2c3c(cc4ccccc24)CCCC3)cc(OC)c1OC,6.4648542
416,,O=S(=O)(c1cccs1)N1CCC2(CC1)NCC[NH+]=C2NCc1cc(F)cc(F)c1,6.9622445
417,,Clc1ccc(NCCC2CCN(Cc3ccccc3)CC2)nn1,6.4149814
418,,CNC(=O)Oc1cccc(CN(C)CCCCCCCOc2ccc3c(c2)O/C(=C\c2cccc4ccccc24)C3=O)c1,7.3312764
419,,C[NH+](C)CCCN(C(=O)c1cc(-c2ccccc2)nc2ccccc12)c1nc2c(F)cccc2s1,7.37863
420,,c1cnc2nc3c(c(NCCCCCCCCNc4c5c(nc6ncccc46)CCCC5)c2c1)CCCC3,7.438095
421,,Clc1cc(Cl)c2c(NCCCCCCCSc3c4c(nc5ccccc35)CCCC4)c3c(nc2c1)CCCC3,7.216577
422,,C[C@@H]1[C@H](C)CCC[C@H]1NC(=O)CSc1nnc(C[NH+]2CCCCC2)n1-c1ccc(F)cc1,6.021643
423,,O=C(Cn1cc(-c2ccc(Cl)c(Cl)c2)[n+]2c1CCC2)Nc1ccc2c(c1)OCCO2,7.0453553
424,,CCCCSc1ccccc1NC(=O)CSc1n[nH]c(N/N=C(/C)c2ccc(OC)cc2OC)n1,1.8309722
425,,CCSc1ccccc1C(=O)N(CCC[NH+](C)C)c1nc2c(CC)cccc2s1,5.3921843
426,,CC[NH+]1CCC[C@H]1CN(Cc1ccc(Br)o1)C(=O)[C@H](OC)c1ccccc1,2.465365
427,,COC(=O)c1c(S(=O)(=O)NCCC2=CCCCC2)sc2c1CC[NH+](CC[C@H](C)O)C2,7.2062
428,,Cc1c(C)c2ccc(OCCCOc3cc(O)cc([N+](C)(C)C)c3)cc2oc1=O,6.6884894
429,,Clc1ccc2c(NCCCCCCCNc3c4c(nc5cc(Cl)ccc35)CCCC4)c3c(nc2c1)CCCC3,8.546171
430,,CCc1ccccc1NC(=O)Oc1ccc2c(c1)[C@]1(C)CCN(C)O[C@@H]1N2C,5.4027886
431,,C[C@H]1CCc2c(sc(=O)n2C[NH+]2CCC(NC(=O)CC3CCCC3)CC2)C1,4.523645
432,,O=C(c1ccc(S(=O)(=O)Cc2ccccc2)cc1)N(CCC1CCN(Cc2ccccc2)CC1)c1ccccc1,10.377815
433,,COc1cc2c(cc1OC)C(=O)C(CC1CCN(CCNc3c4c(nc5cc(Cl)ccc35)CCCC4)CC1)C2,8.868627
434,,COc1cc2cc(C(=O)CCc3cc[n+](CC4CCC4)cc3)sc2cc1OC,6.607423
435,,CN(C(=O)NCc1ccccc1)C(=O)Oc1ccc2c(c1)[C@]1(C)CCN(C)C1N2C,2.123889
436,,COc1ccc2c3c1O[C@H]1C[C@@H](O)C=C[C@@]31CCN(CCCCOc1cccc(C(C)N3CCOCC3)c1)C2,9.683239
437,,Cc1cc(C)n([C@H](C)CC(=O)N2CCCC[C@@H]2CC[NH+]2CCCC2)n1,4.216666
438,,CCc1nn(-c2ccccc2)c(Oc2ccccc2OC)c1C[NH+](C[C@H](O)COC(C)(C)C)C1CC1,5.6617327
439,,CN(Cc1ccc(C#N)cc1)C(=O)NC[C@H](c1ccc(F)cc1)[NH+](C)C,8.190392
440,,Nc1c2c(nc3cc(Cl)ccc13)C1CCC2C1,3.7206523
441,,c1ccc2c(c1)[nH]c1c[n+](CCCCCCC[n+]3ccc4c(c3)[nH]c3ccccc34)ccc12,6.1814165
442,,COc1ccc2c(c1OC)C(=O)CC2CCC1CCN(Cc2ccccc2)CC1,6.3843646
443,,c1ccc2/c(=N/CCCCCCC/N=c3\c4ccccc4nc4n3CCCC4)n3c(nc2c1)CCCC3,6.294354
444,,Cc1cc(C(=O)N2C[C@H](C(=O)NCCCC[NH+](C)C)C3(CC[NH2+]CC3)C2)n(C(C)(C)C)n1,6.850839
445,,Cc1nc2ccc(Cl)cn2c1C[NH+](CCN1CCOCC1)Cc1ccco1,3.8199787
446,,CC(C)CC[C@]1(C2CCN(C(=O)Cc3c(F)cc(F)cc3F)CC2)NC(=O)N(CC[NH+](C)C)C1=O,6.596385
447,,COc1cc2cc(C(=O)CCC3CC[N+](C)(Cc4ccccc4)CC3)sc2cc1OC,8.343174
448,,c1ccc2/c(=N/CCCCCCC/N=c3\c4ccccc4nc4n3CCCCCC4)n3c(nc2c1)CCCCCC3,6.945569
449,,COCCn1cnc2cc(NC(=O)C3CCCCC3)cc(C(=O)NCC3CC[NH+](C(C)C)CC3)c21,9.144571
450,,CCc1cccc(CC)c1NC(=S)N(Cc1ccc(N(C)C)cc1)[C@@H](C)c1ccccc1,3.4812963
451,,CCc1nc(C[NH+](C)CC(=O)N2CC=C(c3ccccc3)CC2)cs1,5.7900124
452,,c1ccc(CN2CCC(CCNc3ccc(-c4cccnc4)nn3)CC2)cc1,6.8146563
453,,CNC(=O)Oc1cccc(CN(C)CCCCCCCCCCOc2ccc3c(=O)c4ccccc4oc3c2)c1,7.5353518
454,,O=C1C[C@@H]([NH+]2CCC3(CC2)OCCO3)C(=O)N1c1ccc(Cl)cc1,4.101237
455,,COc1cc(CCC(=O)NNc2c3c(nc4ccccc24)CCCC3)cc(OC)c1OC,6.0263805
456,,C=CC[NH+]1CCC[C@H]1C(=O)N1CCSCC1,1.3103251
457,,c1ccc2c(NCCCN3CCN(CCCNc4c5c(nc6ccccc46)CCCC5)CC3)c3c(nc2c1)CCCC3,11.341294
458,,O=C(CCc1c[nH]c2ccccc12)NCCCCCCCNc1c2c(nc3cc(Cl)ccc13)CCCC2,7.0495863
459,,Cc1ccc2cc(C(=O)NC[C@@H](c3ccc(C)o3)[NH+]3CCCC3)c(C)nc2c1,6.749972
460,,O=C(CCN1CCCCC1)Nc1ccc2nc3n(c(=O)c2c1)CCc1c-3[nH]c2ccccc12,6.9343777
461,,C[C@@H]1[NH+]=c2ccc(OC(F)(F)F)cc2=C1CCNC(=O)C1CCN(C(=O)c2ccccc2F)CC1,7.335364
462,,CC[C@@H](C)C(=O)N1C[C@@H](C(=O)N[C@@H](Cc2ccccc2)C(=O)N2CCCCC2)C2(CC[NH2+]CC2)C1,5.364418
463,,COc1cc(C[NH2+]CCCSc2nnnn2C)cc(Br)c1OCc1cccc(C)c1,6.9347963
464,,O=C(CS[C@H]1NN=C(SCc2ccccc2Cl)S1)N/N=C\C1=c2ccccc2=[NH+]C1,5.558002
465,,CN1CCC=C(c2nsnc2OCCCCNCCCNc2c3c(nc4ccccc24)CCCC3)C1,7.232902
466,,COc1cc2c(cc1OC)C(=O)/C(=C\C1CCN(Cc3ccccc3)CC1)C2,6.2315073
467,,COc1cc2cc(C(=O)C3CCC[N+](C)(Cc4ccccc4)CC3)sc2cc1OC,8.63307
468,,c1ccc2c(NCCCCCNc3c4c(nc5ccccc35)CCCC4)c3c(nc2c1)CCCC3,7.488878
469,,CC(C)COc1ccc(S(=O)(=O)NCCCCCNS(=O)(=O)c2ccc(OCC(C)C)cc2)cc1,9.435948
470,,COc1cc(/C=C/C(=O)NCCNc2c3c(nc4ccccc24)CCCC3)ccc1O,6.472142
471,,COC(=O)[C@@H]1[C@H]2CC[C@H](C(C)(C)C)C[C@H]2S[C@@H]1NC(=O)CSC1[NH+]=c2ccccc2=[NH+]1,7.1331987
472,,CC1=CC2Cc3nc4cc(Cl)ccc4c(N)c3C(C1)C2,4.5191636
473,,c1ccc2c(NCCOCCOCCNc3c4c(nc5ccccc35)CCCC4)c3c(nc2c1)CCCC3,6.9357233
474,,C[N+]1(CCC(=O)Nc2ccc3c(c2)C(=O)c2cccc4ccnc-3c24)CCCCC1,6.570289
475,,CCN(CCCCCC(=O)c1ccc(N2CCCC2)cc1)Cc1ccccc1OC,6.124683
476,,c1ccc2c(NCCCCCCCNc3ccncc3)c3c(nc2c1)CCCC3,6.6528606
477,,C=CC[NH+](Cc1nc2sc(C(=O)OC(C)C)c(C)c2c(=O)[nH]1)C[C@H](O)COc1ccccc1C,8.330424
478,,Cc1ccccc1CN(CCCn1cc[nH+]c1)C(=S)Nc1ccc(C(F)(F)F)cc1Cl,7.4107423
479,,CCCCc1ccc(NC(=O)[C@H](C)N2C(=O)N3CCC4=c5ccccc5=[NH+][C@H]4[C@@]3(C)C2=O)cc1,7.2550435
480,,CCOc1ccc2c(c1)=C[C@H](CNc1cccc(C)c1C)C(=O)[NH+]=2,6.5509477
481,,Oc1ccc2c(n1)CCCC2NCCCCNc1c2c(nc3ccccc13)CCCC2,7.8107452
482,,c1ccc2c(NCCCCCCCCCNc3ccncc3)c3c(nc2c1)CCCC3,6.8239822
483,,Cc1ccc(S(=O)(=O)N(CCCc2c(C)nc(N)nc2NCCCc2ccccc2)c2ccccc2)cc1,9.202572
484,,Cc1c(C(=O)NC[C@@H](c2cccs2)[NH+]2CCCC2)sc2nc(Cc3ccccc3)[nH]c(=O)c12,8.004884
485,,CCOC(=O)C1CC[NH+](CC(=O)NC2=c3cc4c(cc3=[NH+][C@H]2C(=O)OCC)OCO4)CC1,6.615584
486,,CN1CCc2cc(C(=O)CCC3CCN(Cc4ccccc4)CC3)ccc21,6.880929
487,,COc1ccc(OC)c(NC(=S)N(CCC2=c3cc(OC)ccc3=[NH+][C@@H]2C)Cc2ccccn2)c1,7.2459097
488,,N#CC(C#N)=C1NCCN1CCNCc1ccc(CN2CC=CCC2)o1,5.5971975
489,,O=C(NCCC1CCN(Cc2ccccc2)CC1)NC(=O)c1ccccc1,7.215109
490,,CNC(=O)Oc1cccc(CN(C)CCCCCCCOc2ccc3c(c2)O/C(=C\c2ccc4ccccc4c2)C3=O)c1,7.336713
491,,COc1c(Cl)cc(C(=O)N2C[C@@H](C(=O)NCCCOC(C)C)C3(CC[NH2+]CC3)C2)cc1Cl,8.269422
492,,CCC[NH2+][C@](C)(CCCC[NH+](C)CC(C)C)C(=O)OC,5.076682
493,,C[C@H](CC[NH+](C)C)n1c(CCCl)nc2cc(Br)ccc21,4.336559
494,,COCc1ccc(C(=O)NCc2nnc3n2CC[NH+](C[C@H](C)CCC=C(C)C)CC3)o1,8.980394
495,,CC[C@H](C)C1=N[C@H]2CC=C3C[C@H]4C(=O)C[C@]5(C)[C@@H]([C@H](C)N(C)C)[C@H](O)C[C@@]5(C)[C@@H]4CC[C@H]3[C@]2(C)CN1,4.6297374
496,,CN1CCC=C(c2nsnc2OCCCOCCCC(=O)NCCCCNc2c3c(nc4ccccc24)CCCC3)C1,6.9872837
497,,CCc1cc([C@@H](Nc2cc(C)cc[nH+]2)c2ccc(OC)cc2)c(NC(=O)c2ccco2)s1,7.0075026
498,,COc1cc(C)cc(OC)c1OC(=O)[C@H](CCS(C)(=O)=O)[N+]1=CCCCC1,1.1403486
499,,COc1ccc2c3c1O[C@H]1C[C@@H](O)C=C[C@@]31CCN(CCCCCCCCCOc1ccc(CN3CCCCC3)cc1)C2,8.80595
500,,CCOc1ccc(N(C[C@H]2C=c3ccc(C)cc3=[NH+]C2=O)C(=O)c2ccccc2Cl)cc1,6.0578685
501,,O=C(c1ccc([N+](=O)[O-])cc1)N(CCC1CCN(Cc2ccccc2)CC1)c1ccccc1,7.3193808
502,,O=C(NC(=S)NCCC1CCN(Cc2ccccc2)CC1)c1cccc([N+](=O)[O-])c1,6.628266
503,,c1ccc(CN2CCC(CCc3nsc4ccccc34)CC2)cc1,6.7753353
504,,Cc1ccc(O[C@H](c2cc(Br)cs2)[C@H](C)[NH3+])c(Br)c1,5.9024067
505,,CC(C)(C)n1nnnc1[C@H](c1ccc(F)cc1)[NH+]1CCSCC1,0.22263762
506,,Oc1ccc2c(n1)CCCC2NCCCCCCCCNc1c2c(nc3ccccc13)CCCC2,7.6657205
507,,c1cnc2nc3c(c(NCCCCCCCNc4c5c(nc6ncccc46)CCCC5)c2c1)CCCC3,7.1632547
508,,O=C(NCCCCCCCNc1c2c(nc3cc(Cl)ccc13)CCCC2)c1n[nH]c2ccccc12,7.5225773
509,,Cc1occc1[C@H](Cl)c1ccc2c(c1)CCC2,3.863198
510,,COc1ccccc1[C@H](CNC(=O)[C@@H](NC(=O)C12CC3CC(CC(C3)C1)C2)C(C)C)[NH+]1CCCC1,6.4668903
511,,CCN(CC)Cc1ccc(OCCCCCCN2CC[C@@]34C=C[C@H](O)C[C@@H]3Oc3c(OC)ccc(c34)C2)cc1,8.525574
512,,CCN(CCCCCC(=O)c1ccc(OC)c(OC)c1)Cc1ccccc1OC,7.1396017
513,,CN(CCOCCNC(=S)NC(=O)c1cccc([N+](=O)[O-])c1)Cc1ccccc1,5.8083267
514,,[H]/N=C1C(=C\c2cn(CCCOc3ccccc3Cl)c3ccccc23)\C(=O)N=C2S[C@@H](C)C=[N+]2\1,8.333578
515,,CN(CCCOc1ccc2c(=O)c3ccccc3oc2c1)Cc1cccc(OC(=O)Nc2ccccc2)c1,7.475535
516,,CCOc1ccccc1N1CC[NH+]([C@@H]2CCC(=O)N(Cc3ccc(F)c(F)c3)CC2)CC1,6.933447
517,,COc1ccc([C@H](C#N)[NH2+]CCCCCC[NH2+][C@@H](C#N)c2ccc(OC)cc2)cc1,7.3265033
518,,CCc1n(C[C@@H](O)COc2ccccc2C(C)=O)c2ccccc2[n+]1C,7.044883
519,,O=C(Nc1nnc(-c2ccco2)s1)c1cccc(Br)c1,4.2544727
520,,O=C(CCOc1c[nH]c2ccccc12)NCCCCCCCNc1c2c(nc3cc(Cl)ccc13)CCCC2,7.282712
521,,CC(=O)Nc1ccc2c(CCC3CCN(Cc4ccccc4)CC3)noc2c1,6.661013
522,,CC(C)CC(=O)Nc1ccc(NC(=O)[C@@H](Cc2ccccc2)NS(=O)(=O)c2ccccc2F)cc1,7.634491
523,,CC(=O)OCCc1c[n+](CC(=O)c2ccc(Br)cc2)ccc1C,5.712062
524,,CN1CCC(CCN2C(=O)c3ccccc3C2=O)CC1,5.275652
525,,C[C@H]1CC[C@@H](C#N)[C@H](Sc2nnnn2C2CCCC2)C1,2.6240325
526,,C[C@H]([NH3+])[C@@H](Oc1ccc(Br)cc1F)c1ccc(Br)s1,5.2313633
527,,Oc1ccc2c(n1)CCCC2NCCCCCCCNc1c2c(nc3ccccc13)CCCC2,7.6461973
528,,CC[C@@]1(c2cccc(O)c2)CCCCN(CCCCCCCCCCCN2CCCC[C@@](CC)(c3cccc(O)c3)C2)C1,11.097674
529,,OCCN(CCCNc1c2c(nc3ccccc13)CCCC2)CCCNc1c2ccccc2nc2ccccc12,9.358212
530,,COc1ccc2cc3[n+](cc2c1OCC[n+]1cccc(C)c1)CCc1cc2c(cc1-3)OCO2,7.208307
531,,O=C(Nc1ccc2c(CCC3CCN(Cc4ccccc4)CC3)noc2c1)c1ccccc1,8.001083
532,,COC(=O)c1c(NC(=O)[C@@H](C)n2c(N)nnc2SCCc2ccccc2)sc(C)c1C,5.0497947
533,,COCC[NH+](CCOC)CC(=O)N1CCC(C(=O)N2CCOCC2)CC1,5.82247
534,,CC[C@@H](O)C[NH+](Cc1c(C)nn(-c2ccccc2)c1Oc1ccc(C)cc1)C[C@@H]1CCCO1,2.74269
535,,c1ccc2c(NCCCCCCCCNc3c4c(nc5ccccc35)CCC4)c3c(nc2c1)CCC3,7.6813426
536,,CN1CCN(CC2Cc3ccccc3C2=O)CC1,5.32269
537,,CCCn1c(C)nnc1[C@@H](C)[NH3+],0.06371387
538,,O=C(NCCCCCCNc1c2c(nc3cc(Cl)ccc13)CCCC2)c1c[nH]c2ccccc12,6.969884
539,,CCCN(c1ccncc1F)n1cc(C)c2cc(OC(=O)NCc3ccccc3)ccc21,7.9390364
540,,Cc1cc(C)n2c(Nc3c(C)cccc3C)c(-c3sccc3C)nc2n1,3.917734
541,,CNC(=O)Oc1cccc(CN(C)CCCCCCCOc2ccc3c(c2)CC/C(=C/c2cc(O)c(O)c(O)c2)C3=O)c1,8.597591
542,,Cc1c(Cl)nc2ccccc2c1C(=O)NCCCCCCCNc1c2c(nc3ccccc13)CCCC2,7.269823
543,,CCNC(=S)N(CCC1=c2cc(Cl)ccc2=[NH+][C@@H]1C)Cc1cc(OC)c(OC)c(OC)c1,7.1882887
544,,CCN(CC)CCC(=O)c1ccc(OC2Cc3cc(OC)c(OC)cc3C2=O)cc1,6.4166455
545,,CSc1nc(-c2ccc3ccccc3c2)nn1C(=O)N(C)C,4.7980175
546,,CC[C@@H](C)c1ccc(S(=O)(=O)Nc2ccc(NS(=O)(=O)c3ccc([C@H](C)CC)cc3)cc2)cc1,8.158454
547,,O=C(CCc1c[nH]c2ccccc12)NCCCCCCCCCNc1c2c(nc3cc(Cl)ccc13)CCCC2,7.587058
548,,CCC(C)(C)n1nnnc1[C@@H](c1cc2cc(C)c(C)cc2[nH]c1=O)[NH+](Cc1ccccc1)Cc1ccco1,1.7123321
549,,O=C(CCC1CCN(Cc2ccccc2)CC1)c1ccc2c(c1)CCN2Cc1ccccc1,8.384985
550,,Cc1c(C(=O)N[C@H](C[NH+](C)C)c2ccccc2)oc2ccccc12,6.561512
551,,c1ccc2c(NCCCCCCCCCNc3c4c(nc5ccccc35)CCCC4)ccnc2c1,7.9437513
552,,CCN(CCC1CCN(Cc2ccccc2)CC1)C(=O)c1ccc(S(=O)(=O)Cc2ccccc2)cc1,9.750829
553,,CCCC[C@@H](O)C[NH+](Cc1c(C)nn(-c2ccccc2)c1Oc1ccc(C)cc1)CC(C)C,5.862973
554,,Cc1cccc(/N=c2\oc3ccccc3cc2C(=O)Nc2nccs2)c1C,6.2754703
555,,COCCC[NH+](Cc1nc2sc(C(=O)OC(C)C)c(C)c2c(=O)[nH]1)C[C@H](O)COCc1ccco1,7.2750764
556,,CCCCCCNC(=O)Oc1ccc2c(c1)C1CCN(C)C2C1,5.6478667
557,,CCOc1ccc(NC(=O)c2c(NC(=O)C[NH+](C)C)sc3c2CC[C@H](C(C)(C)C)C3)cc1,6.2513876
558,,Cc1ncsc1C(=O)N(CC1CC[NH+](C2Cc3ccccc3C2)CC1)C[C@H]1CCCO1,6.725718
559,,O=C(CCCc1c[nH]c2ccccc12)NCCCCCCNc1c2c(nc3cc(Cl)ccc13)CCCC2,6.878521
560,,COc1cc(/C=C/C(=O)NCCCCNc2c3c(nc4ccccc24)CCCC3)ccc1O,6.4142036
561,,O=C(/C=C/c1c[nH]c2ccccc12)NCCCCCCNc1c2c(nc3cc(Cl)ccc13)CCCC2,6.608942
562,,COc1ccc(-c2nnc(C[C@@H]3C[C@@H](C(C)C)[C@H](C[NH2+]Cc4ccco4)C=C3C)o2)cc1,7.8167877
563,,COc1ccc2c(c1)=[NH+][C@@H](CCNC(=O)c1cn(CC(C)C)cc(C(=O)N3CCCCC3)c1=O)[NH+]=2,8.735542
564,,Cc1cccn2c(=O)cc(CN3CCN(Cc4ccc(-c5ccccc5Cl)s4)CC3)[nH+]c12,8.203827
565,,CC(C)[NH+]1CCN(CC(=O)c2cc(Br)sc2Br)CC1,6.409133
566,,CNC(=O)Oc1cccc(CN(C)CCCOc2ccc(C(=O)c3ccccc3)cc2)c1,7.1016517
567,,COc1cc2cc(C(=O)C3CCC[N+](C)(CC4CCCCO4)CC3)sc2cc1OC,8.896189
568,,CC[NH+](CC)Cc1nc2sc(C)c(C)c2c(=O)n1Cc1ccc(F)cc1,4.345434
569,,COc1cc(OC)cc(C(=O)N2C[C@H](C(=O)NCC(C)(C)C[NH+](C)C)C3(CC[NH2+]CC3)C2)c1,7.867983
570,,S=c1sc(N2CCCC2)nn1CN1CC[C@H]([NH+]2CCCC2)C1,6.241899
571,,O=C(CCCCC1CCSS1)NCCCNc1c2c(nc3cc(Cl)ccc13)CCCC2,6.561651
572,,COc1cc(C(=O)NCCCCCCCC(=O)NNc2c3c(nc4ccccc24)CCCC3)cc(OC)c1OC,6.103691
573,,CC1=C[C@H]2Cc3[nH]c(=O)ccc3[C@@]3(C1)[C@@H]2CCCN3C(=O)CN(C)CCCCCCCCCCN(C)Cc1cccnc1,8.587972
574,,C[N+](C)(C)CCCCCCCCCC[n+]1c(-c2ccccc2)cc(N)c2ccc3ccc(N)cc3c21,9.375488
575,,CCCc1n(C[C@H](O)COc2cc(C)ccc2Cl)c2ccccc2[n+]1C,6.9909945
576,,Cc1c(Cl)ccc2sc(N(CC[NH+]3CCOCC3)C(=O)/C=C/c3ccccc3)nc12,2.6228268
577,,CC1CCN(CC2CCCCC2)CC1,6.223628
578,,CC(=O)Nc1ccc2c(c1)C(=O)N(CCC1CCN(Cc3ccccc3)CC1)C2=O,6.8410788
579,,CC[NH+]1CCN([C@H](C)CNC(=O)C[C@H]2C[C@H](C)CC(C)(C)C2)CC1,6.77227
580,,CNC(=O)Oc1cccc2c1SCC1CCN(C)C21,4.2498994
581,,O=C(CCCCC1CCSS1)NCCCCCCCNc1c2c(nc3ccccc13)CCCC2,7.089235
582,,Cn1cc2c3c(cccc31)[C@@H]1C[C@H](C/[NH+]=C(\O)OCc3ccccc3)C[NH+](C)[C@@H]1C2,5.6999044
583,,CC[NH+](CC)[C@H](CNC(=O)Nc1ccc2c(c1)NC(=O)[C@@H](C)O2)c1ccccc1Cl,6.0720134
584,,CC(C)[C@@H](C(=O)N[C@@H](C)C(=O)[O-])[NH+](C)CCO,5.423415
585,,CCC[C@](C)(C[NH2+]C(C)C)CN(CC(F)(F)F)C(C)C,3.803716
586,,O=C(N/N=C/c1ccco1)[C@H]1C=C(c2cc(Cl)cc(Cl)c2)N=N1,4.380586
587,,O=C([O-])c1coc(C[NH+](Cc2cccc(C(F)(F)F)c2)Cc2ccc(Cl)cc2Cl)[nH+]1,7.4922895
588,,O=C(CSc1nnc(NCc2ccco2)s1)NC1CCCCCCC1,5.950273
589,,CNC(=O)Oc1cccc(CN(C)CCCOc2ccc3c(=O)cc(-c4ccccc4)oc3c2)c1,7.3039794
590,,CCc1cccc2c1=[NH+]CC=2C(=O)[C@H](S[C@H]1N=C(C)[C@H](CC(N)=O)S1)c1ccccc1,6.9575634
591,,COc1cc2c(cc1OC)C(=O)C(CC1CCN(c3ccccc3)CC1)C2,5.8366623
592,,COC(=O)[C@@H]([NH2+][C@@H](C)c1ccccc1OC(F)F)C(C)C,2.481941
593,,CNC(=O)Oc1cccc(CN(C)CCCCCCCCOc2ccc3c(=O)c4ccccc4oc3c2)c1,7.2002444
594,,C[N+](C)(C)c1cc(O)cc(OCCCCOc2cc(O)cc([N+](C)(C)C)c2)c1,6.0162625
595,,O=S(=O)(NC[C@@H](c1ccco1)[NH+]1CCCCC1)c1ccc(F)cc1Cl,6.1095457
596,,O=C(CCOc1c[nH]c2ccccc12)NCCCCCCNc1c2c(nc3cc(Cl)ccc13)CCCC2,7.096921
597,,COC(=O)[C@@H]1[NH+]=c2ccc(C)cc2=C1NC(=O)CC[NH+]1CCN(c2ccccc2F)CC1,6.5358114
598,,Cc1cc2c(s1)c1cnn(CC[NH+](C(C)C)C(C)C)c(=O)c1n2Cc1ccc(F)cc1,5.718338
599,,C[NH+](C)[C@H](C[NH2+]Cc1cn(-c2ccccc2)nc1-c1cccnc1)Cc1ccccc1,5.6391397
600,,CCc1cccc[n+]1CC(=O)N1CCN(S(=O)(=O)c2ccc(F)cc2)CC1,6.6841283
601,,CCS(=O)(=O)N1C[C@@H](C[NH+]2CCc3ccccc3C2)[C@H](c2cccc(C(F)(F)F)c2)C1,7.847266
602,,c1ccc2c(NCCCCCCCCSc3c4c(nc5ccccc35)CCCC4)c3c(nc2c1)CCCC3,7.5152683
603,,CC(C)[C@H](NC(=O)c1c(F)cccc1F)C(=O)NC[C@H](c1ccccc1Cl)[NH+]1CCCC1,7.49582
604,,CN(CCOCCNC(=S)NC(=O)c1ccccc1)C1CCCCC1,6.163211
605,,CC1=CC2Cc3nc4cc(Cl)ccc4c(NCCCCCCCNc4c5c(nc6ccccc46)CCCC5)c3C(C1)C2,9.302515
606,,COc1ccc([C@H](CNc2ncnc3cc(OC)ccc23)[NH+](C)C)cc1,7.1037703
607,,COc1cc2c(cc1OC)SC(C(=O)CC1(O)CC[N+](C)(Cc3ccccc3)CC1)C2,8.284015
608,,C=CCC[C@@H](O)C[NH+](Cc1nn(-c2ccccc2)c2c1CN(Cc1ccc(F)cc1)CC2)CC(C)C,8.475457
609,,CN(Cc1ccccc1)Cc1ccc(/C=C2\CCc3cc(OCCCCCN4CCCCC4)ccc3C2=O)cc1,10.648001
610,,c1ccc2c(NCCCCCCCCNc3ccncc3)c3c(nc2c1)CCCC3,6.6560287
611,,O=C(CCc1c[nH]c2ccccc12)NCCCCCCCCNc1c2c(nc3cc(Cl)ccc13)CCCC2,7.2668533
612,,CCc1cc2c(cc3n2C[C@](C)(C(=O)NC2CCCCCC2)N(CCC[NH+]2C[C@@H](C)C[C@H](C)C2)C3=O)s1,10.034631
613,,COC(=O)C[N+]1(C)CCC(CCC(=O)C2Cc3cc(OC)c(OC)cc3S2)CC1,8.068122
614,,CN(C(=O)c1cc(Br)ccc1F)c1ccc(C#N)cc1,5.859
615,,CCc1c(C)nn([C@H]2CC3(CC[C@H]2O)OCCO3)c1C,0.9026164
616,,C[C@H](NC(=O)[C@@H](C)[NH+]1CCN(c2nccs2)CC1)c1cccc2ccccc12,4.016923
617,,C[C@@H]1CCC[C@H](C)N1C(=O)[C@H](C)[NH+]1CCN(CC(=O)N2CCCC[C@@H]2C)CC1,2.2863593
618,,CN(CCCNc1c2c(nc3ccccc13)CCCC2)CCCSc1c2c(nc3ccccc13)CCCC2,7.868477
619,,C[C@@H]1CCCC[C@H]1n1ccc2c1CC(C)(C)C[C@@H]2[NH3+],4.275884
620,,COc1ccc([C@@H](CNC(=O)[C@@H]2CN(C(=O)c3sccc3C)CC23CC[NH2+]CC3)[NH+](C)C)cc1,7.1837645
621,,CC[C@H]1CCC(=O)[C@@H](C[NH+](CC)C2CCCC2)C1,2.2874143
622,,COCCn1nnnc1[C@H]([C@H]1C=c2ccc(C)cc2=[NH+]C1=O)[NH+](Cc1ccccc1)Cc1ccccc1Cl,3.742598
623,,Cc1ccccc1OCCN(C)C(=O)NC[C@@H](c1cccs1)[NH+](C)C,5.550948
624,,Br[C@@H]1CN([C@H](C[NH2+]Cc2ccccc2)c2ccc(Cc3ccccc3)cc2)CCN1,9.02394
625,,CCOc1ccc(NC(=S)N(CCC2=c3cc(C)ccc3=[NH+][C@H]2C)Cc2ccco2)cc1,6.65109
626,,CCN(CCCCCC1Cc2cc(OC)c(OC)cc2C1=O)Cc1ccccc1OC,6.0549154
627,,CC[C@@H](CCCl)[n+]1c(-c2ccccc2)cc(-c2ccccc2)cc1-c1ccccc1,2.2853131
628,,CC1CCN(Cc2ccccc2)CC1,4.5745625
629,,O[C@@H](C[NH2+]CCCCCC[NH2+]C[C@H](O)COc1ccccc1)COc1ccccc1,6.350621
630,,Cc1cccc(C)c1NC(=O)C1(N(CCC2=c3ccccc3=[NH+]C2)C(=O)c2ccccc2Cl)CCCCC1,4.603111
631,,C[C@H]([NH2+][C@@H]1CCCc2sccc21)c1nnc2ccccn12,0.77672994
632,,CC[N+](C)(CC)CCCC(=O)Nc1ccc2c(c1)C(=O)c1cccc3ccnc-2c13,6.398905
633,,Cc1ccccc1NC(=O)Oc1ccc2c(c1)[C@]1(C)CCOC1N2C,5.368365
634,,CCCCN(C(=O)C[NH+](C)Cc1ccccc1Br)c1c(N)n(CC(C)C)c(=O)[nH]c1=O,4.5069137
635,,c1ccc2c(NCCCCCCNc3c4c(nc5ncccc35)CCCCC4)c3c(nc2c1)CCCCC3,7.6266403
636,,CN1CC[C@@]2(C)c3cc(OC(=O)NCCCCCCCCN4CCOCC4)ccc3N(C)[C@@H]12,6.9193606
637,,CNC(=O)Oc1cccc(CN(C)CCCOc2ccccc2)c1,7.0328364
638,,Cn1ccc(NC2=[NH+]C3(CCCCC3)CS2)n1,2.9022815
639,,CC[NH+](CC)[C@H](CNC(=O)c1cnc(SCc2ccc(F)cc2)nc1Cl)c1ccc(C(C)(C)C)cc1,9.677079
640,,C[C@@H]1CCC[C@@H](C(=O)N2CCN(C3CCCC3)CC2)[NH2+]1,4.601723
641,,CNC(=O)Oc1cccc(CN(C)CCCOc2ccc3c(c2)O/C(=C\c2cc(O)c(O)c(O)c2)C3=O)c1,7.648855
642,,CO[P@]1(=O)OC[C@H]2COC(=O)C2=C(C)O1,3.4704545
643,,CN1CCC(C[C@@H]2Cc3ccccc3C2=O)CC1,5.0187306
644,,CCN1CC[C@@]2(C)c3cc(OC(=O)NCc4ccccc4)ccc3CC12,4.843322
645,,C[C@@H]1CN(S(=O)(=O)c2ccc(Cl)s2)C[C@H](C)N1CCC[NH+](C)C,1.7948568
646,,CN1CCC=C(c2nsnc2OCCCOCCCCC(=O)NCCCNc2c3c(nc4ccccc24)CCCC3)C1,6.837937
647,,CN/N=C(\C)[C@H](C[NH+](C)C)[C@H](c1ccccc1)c1c(O)c2ccccc2oc1=O,0.37894398
648,,[NH3+][C@H](c1noc(C2CC2)n1)[C@H]1CCOC1,2.5936828
649,,C/C=C1\[C@H]2C=C(C)C[C@]1(/N=C/c1cc(OC)cc(OC)c1)c1ccc(=O)[nH]c1C2,5.0736556
650,,COc1ccc2nc(NC(=O)c3cc4c(nc5sccn54)s3)sc2c1,5.6964116
651,,C[n+]1ccc2c3ccccc3n(CCCCCCCCCn3c4ccccc4c4cc[n+](C)cc43)c2c1,7.1218724
652,,COc1ccc2c3c1O[C@H]1C[C@@H](O)C=C[C@@]31CCN(CCCCOc1ccc(CN3CCOCC3)cc1)C2,9.417946
653,,CCNC(=S)N(CC[NH+](C)C)Cc1cnc(S(=O)(=O)Cc2ccc(F)cc2)n1C[C@@H]1CCCO1,8.993594
654,,Cc1cc(NCCC2CCN(Cc3ccccc3)CC2)nnc1-c1ccccc1,7.8751698
655,,O=C(CCC1CCN(Cc2ccccc2)CC1)c1ccc2[nH]c(-c3ccccc3)nc2c1,7.6517034
656,,CC(C)Oc1ccc(Br)cc1C[NH2+]CCCSc1nnnn1-c1ccccc1,5.285037
657,,CC(C)[NH2+]CC(=O)Nc1ccc(S(=O)(=O)c2ccc(NC(=O)C[NH2+]C(C)C)cc2)cc1,8.109472
658,,O=C1C[C@@H](c2ccco2)Cc2c1c(Nc1ccc(F)cc1)nn2-c1ncccn1,7.1753473
659,,COc1ccc(NC(=O)C2=CC3=[NH+][C@H](c4ccc(Cl)cc4)C[C@H](C(F)(F)F)N3N2)c(OC)c1,8.001971
660,,CC(C)[NH+](Cc1ccc(C(O)(c2cccs2)c2cccs2)o1)Cc1cccs1,7.1681995
661,,Cc1cc(C(=O)CCC2CC[N+](C)(Cc3ccccc3)CC2)nn1-c1ccccc1,8.180065
662,,C/C=C/c1ccc(OCC)c(OC[C@H](O)C[NH2+]C(c2ccccc2)c2ccccc2)c1,8.304984
663,,O=C(CCCCC1CCSS1)NCCCCCCNc1c2c(nc3ccccc13)CCCC2,6.867985
664,,CN(C)Cc1ccc(CSCCNc2cc(NN)c([N+](=O)[O-])cc2[N+](=O)[O-])o1,5.38645
665,,C/C=C1\[C@H]2C=C(C)C[C@]1(N)c1ccc(=O)[nH]c1C2,4.1069236
666,,O=C1c2[nH]nc(-c3ccccc3)c2[C@H](c2ccc(F)cc2)N1Cc1ccc(Cl)cc1,5.1202793
667,,C[C@@H]([NH2+]Cc1cc2c(cc1Br)OCO2)c1ccc(Cl)cc1,5.379866
668,,CCC(=O)N1C[C@@H](C(=O)NC[C@@H]2CCC[NH+]2CC)C2(CC[NH2+]CC2)C1,6.943291
669,,O=c1cc[nH]c2c(Cl)cncc12,3.8352385
670,,CCCCN(C)c1ncnc(Nc2cc(Cl)c([C@@H](C#N)c3ccc(Cl)cc3)cc2C)c1N,6.5818644
671,,Cc1ccccc1[C@@H]1[C@H]2[NH+]=c3ccccc3=C2CCN1C(=O)CCc1ccco1,4.124796
672,,CN1CC[C@@]2(C)c3cc(OC(=O)NCc4ccccc4)ccc3N(C)C12,5.716176
673,,COc1cc2c(cc1OC)SC(C(=O)CCc1cc[n+](Cc3coc([N+](=O)[O-])c3)cc1)C2,6.2362804
674,,CN(Cc1cc(=O)n2c(-c3ccccc3)csc2[nH+]1)Cc1ccc(Cl)s1,7.4748583
675,,CC(=O)C[C@H](c1ccccc1Cl)[NH+]1CCCCC1,4.1942925
676,,Fc1cccc(C[NH+]2CCCn3cccc3[C@H]2c2cccc(C(F)(F)F)c2)c1F,5.1320643
677,,CCCCNC(=O)[C@H](c1ccc(O)cc1)N(C(=O)/C(=C/c1ccccc1)c1ccccc1)c1ccccc1,1.0999147
678,,COc1cc(O)c(C(=O)/C=C/c2cccc(N3CCCC3)c2)cc1OC,5.7570786
679,,CC(C)(C)c1ccccc1OC[C@@H](O)C[NH+]1CCN(c2ccccc2F)CC1,6.76978
680,,Cc1ccc(C2C3=C(CC(C)(C)CC3=O)Nc3nc4c(c(N)c32)CCCC4)cc1,6.1138306
681,,O=c1ccc2c([nH]1)CCCC2NCCCCCCCCCCNc1c2c(nc3ccccc13)CCCC2,7.844613
682,,O=C(CCOCCc1c[nH]c2ccccc12)NCCCCCCCNc1c2c(nc3cc(Cl)ccc13)CCCC2,6.8717732
683,,CCS(=O)(=O)c1ncc(C[NH+](C)C[C@H](O)c2ccccc2)n1Cc1ccccc1,6.3580723
684,,Cc1n[nH]c(-n2cnc3ccccc3c2=O)c1-c1ccc(Cl)cc1,4.5394845
685,,O=C(CCc1c[nH]c2ccccc12)NCCCCCCCCCc1c2c(nc3cc(Cl)ccc13)CCCC2,7.6047378
686,,Cc1c(C#N)c(NC(=O)CSc2nnc(-c3ccco3)n2N)n(Cc2ccccc2)c1C,6.373215
687,,COc1cc(/C=C/C(=O)NCCCCCCCCNc2c3c(nc4ccccc24)CCCC3)ccc1O,6.977646
688,,C[C@H](c1ccccc1F)N(C)S(=O)(=O)c1ccc(F)c(S(C)(=O)=O)c1,6.5057564
689,,COc1cc(C(=O)NCCCC(=O)NNc2c3c(nc4ccccc24)CCCC3)cc(OC)c1OC,5.931961
690,,O=C(CCC1CCN(Cc2ccccc2)CC1)c1ccc2c(c1)OCO2,5.9118423
691,,COc1cc2occ(-c3ccc(N4CCCCC4)cc3)c(=O)c2cc1OC,6.094578
692,,CN1CCC(/C=C/C=C2\Cc3ccccc3C2=O)CC1,5.6643925
693,,CN1CC[C@@]2(C)c3cc(OC(=O)NC4CCCCC4)ccc3N(C)[C@@H]12,4.8386354
694,,CCCCCCSc1nc(-c2ccc(Cl)cc2)nn1C(=O)N1CCCCC1,6.607942
695,,Cn1ccc2c3nc4cc(Br)ccc4c4c3c(c(=O)c-2c1)[N+](C)(C)CC4=O,5.5109577
696,,COc1ccc2c3c1O[C@H]1C[C@@H](O)C=C[C@@]31CCN(CCCOc1ccc(CN3CCCCC3)cc1)C2,9.405712
697,,CCC1=CC2CC(C1)Cc1nc3ccccc3c(N)c12,5.022855
698,,CCN1C(=O)N(CC[NH+](C)C)C(=O)C12CC[NH+]([C@@H](C)Cc1ccc(O)c(OC)c1)CC2,1.719857
699,,Cc1ccc(C)c(CSc2nc(N3CC[NH+](Cc4cc(C)ccc4C)CC3)c3c(C)c(C)sc3n2)c1,8.702398
700,,CC[C@H]([NH3+])[C@@H](OCc1ccco1)c1ccc(Br)cc1,3.8848703
701,,O=C1Cc2c(ccc3c(CCC4CCN(Cc5ccccc5)CC4)noc23)N1,6.2871857
702,,COc1cccc(CSc2nnc([C@@H]([NH3+])Cc3ccccc3)n2-c2cc(Cl)ccc2C)c1,6.524129
703,,O=C(NCCC1CCN(Cc2ccccc2)CC1)c1cccnc1,6.044053
704,,CCc1nc2sc([C@@H](c3ccccc3F)[NH+]3CCCC3)c(O)n2n1,4.5525794
705,,CCC[NH2+][C@@H](c1cccc(I)c1)c1cc(Cl)ccc1Cl,4.5129833
706,,Cc1ccc(CNc2nc3ccc(C)cn3c(=O)c2/C=[NH+]/Cc2ccc(C)cc2)cc1,6.3787374
707,,CNC(=O)Oc1ccc2c(c1)CN(CCCOc1ccc3c(=O)c4ccccc4oc3c1)CC2,7.9328055
708,,C[C@@H]([NH3+])[C@@H](Oc1ccc(Br)cc1F)c1ccc(Br)s1,5.7072253
709,,CC(C)CN(C(=O)C[NH+]1CC[C@@H](C)[C@H]2CCCC[C@@H]21)[C@@H]1CCS(=O)(=O)C1,0.9098009
710,,CC(C)Nc1cccc[n+]1C(=O)CN1C(=O)N[C@@]2(C[C@H](C)CC(C)(C)C2)C1=O,3.8470972
711,,CC[NH2+][C@@H](C)CC(=O)Nc1c(Br)cc(Br)cc1Br,5.769124
712,,COc1ccc(Oc2c(C[NH+](CC3CC3)C[C@H](C)O)c(C)nn2-c2cccc(Cl)c2)cc1,4.7600355
713,,COc1cc(C[NH2+]Cc2cccs2)cc(Br)c1OC[C@@H](O)c1ccc2c(c1)OCO2,7.168707
714,,COc1cc(C[NH2+]C2CCCCC2)cc(Br)c1OC[C@H](O)c1ccc2c(c1)OCO2,7.4942317
715,,Cc1cc(C)c2cc([C@H](c3nnnn3C3CCCC3)[NH+](Cc3ccc(F)cc3)Cc3ccco3)c(=O)[nH]c2c1,6.23577
716,,Clc1ccc2/c(=N/CCCCCCC/N=c3/c4ccc(Cl)cc4nc4n3CCC4)n3c(nc2c1)CCC3,6.693385
717,,CCn1c(/C=C/c2ccsc2)nc2cc(S(=O)(=O)C(F)(F)F)ccc21,5.1189756
718,,O=C(Nc1cccc(Cl)c1F)c1cnn(-c2cccc(Cl)c2)c1C(F)(F)F,5.8447948
719,,O=C(CN1CCCC1)Nc1ccc2nc3c4[nH]c5ccccc5c4ccn3c(=O)c2c1,5.9314156
720,,CC(=O)N1CCC[C@@](C)(C(=O)[O-])CC1,4.268347
721,,Fc1ccc(C(c2ccc(F)cc2)N2CCN(CCN3CCCCC3)CC2)cc1,8.5182905
722,,CC[C@H]1CN(C(=O)[C@@H]2C[C@@H]2C(=O)[O-])CCO1,4.8052907
723,,c1ccc2c(NCCCCNCCCSc3c4c(nc5ccccc35)CCCC4)c3c(nc2c1)CCCC3,7.5768714
724,,O=C(C[C@@H]1C=c2ccccc2=[NH+]C1=O)Nc1ccc(Br)c(C(F)(F)F)c1,6.021287
725,,CN(C)C(=O)Oc1ccc2c(c1)C=CCN(C)[C@@H]2CCOc1ccc([N+](=O)[O-])cc1,6.6716623
726,,Cn1cc(C[NH2+]Cc2ccnc(OCC(F)(F)F)c2)c(=O)n(C)c1=O,5.972286
727,,CCc1cccc2c1=[NH+]CC=2/C=N/NC(=O)[C@@H]1CC2=C(CC[C@H](CC)C2)S1,7.782407
728,,O=C(N/N=C/C=C/c1ccccc1)[C@H]1[NH+]=c2ccc(Br)cc2=C1c1ccccc1,1.173275
729,,O=C(CCC1CCN(Cc2ccccc2)CC1)c1ccc2c(c1)CCCN2c1ccccc1,8.28451
730,,CCCCCC/C(NCCC1=c2ccccc2=[NH+]C1)=C1\C(=O)NC(=O)N(c2ccc(OCC)cc2)C1=O,6.4444795
731,,CC[NH2+][C@H](c1cc2[nH]c(=O)[nH]c2cc1Br)[C@H]1CCOC1,5.380282
732,,O=C(NC(=S)NCCC1CCN(Cc2ccccc2)CC1)c1ccc(C(=O)c2ccccc2)cc1,8.168891
733,,CCCC[NH+]1CCC(CNC(=O)[C@H]2CN(C(=O)C[C@H](C)CC)CC23CC[NH2+]CC3)CC1,9.180877
734,,CCOC(=O)N1CCC(NC(=O)CCc2cc[nH+]c(N(CC)CC)c2)CC1,6.0528364
735,,Oc1ccc2c(n1)CCCC2NCCCCCCNc1c2c(nc3ccccc13)CCCC2,7.630461
736,,CC(C)Cc1ccc([C@@H](C)[NH2+][C@@H](C)C(=O)Nc2ccc(N3CCOCC3)cc2)cc1,6.868791
737,,N#CC(C#N)=C1Nc2ccccc2N1CCNCc1ccc(CN2CCCCC2)o1,6.9101257
738,,Cc1ccc(CN(CCCn2cc[nH+]c2)C(=S)Nc2cccc(C)c2C)cc1,7.0384226
739,,CC(C)CC(=O)N1CCN(c2nn3c(NC(C)(C)C)c(-c4ccc(F)cc4)nc3s2)CC1,6.8542547
740,,CC1=C[C@H]2Cc3[nH]c(=O)ccc3[C@@]3(C1)[C@@H]2CCCN3C(=O)CN(C)CCCCCCCCCCN(C)Cc1ccncc1,8.724367
741,,CN1CCC=C(c2nsnc2OCCCCNCCCCCNc2c3c(nc4ccccc24)CCCC3)C1,7.607838
742,,C=CCSc1ccccc1NC(=O)C[NH+](CC)CC(=O)Nc1ccccc1C(F)(F)F,5.849067
743,,CCCn1cnc2cc(CNC(=O)[C@H]3C=c4cc(Cl)ccc4=[NH+]3)ccc21,6.574617
744,,CNC(=O)Oc1ccc2c(c1)[C@]1(C)CCOC1N2C,3.8849711
745,,COc1cc(CCC(=O)NCCCCC(=O)NNc2c3c(nc4ccccc24)CCCC3)cc(OC)c1OC,5.928361
746,,CCN(CC)CC(=O)Nc1ccc2nc3c4[nH]c5ccccc5c4ccn3c(=O)c2c1,5.213828
747,,O=C1c2cccnc2C(=O)N1CCC1CCN(Cc2ccccc2)CC1,6.187407
748,,Cc1cc(C)nc(N/C(=N\C(=S)NC[C@H]2CCCO2)NCCc2c[nH]c[nH+]2)n1,0.1778813
749,,CCCCOC[C@@H](O)C[NH+](Cc1c(C)nn(-c2ccccc2)c1Oc1cccc(F)c1)CC(C)C,6.3451033
750,,CCCCn1c(COC(=O)C23CC4C[C@H](CC(O)(C4)C2)C3)nc2cc(S(N)(=O)=O)ccc21,6.8130503
751,,CCOC(=O)C1=C(C)Nc2nc3c(c(N)c2C1c1cccnc1)CCCC3,5.3304286
752,,COc1ccc(CN(C(=O)CSc2nnc(C3=c4ccccc4=[NH+]C3)n2C2CC2)C2CC2)cc1,6.3439674
753,,O[C@H](COc1ccccc1Cl)CN1CC[NH+](C(c2ccccc2)c2ccccc2)CC1,7.5557857
754,,CC1=c2cc(C)ccc2=[NH+][C@H]1[C@@H]1NC(CCN(C)C(=O)C2CCCC2)=NO1,5.8428307
755,,CCc1[nH+]ccn1[C@@H]1CCCCC[C@@H]1C#N,0.8293714
756,,COc1ccc(SCCCC(=O)N(CC[NH+](C)C)c2nc3c(C)c(C)ccc3s2)cc1,6.894346
757,,CCOc1cc(CNCCc2ccccc2F)cc(Cl)c1OCc1ccc(Cl)c(Cl)c1,7.55311
758,,CCC[C@@H](C)C(=O)N1C[C@@H](C(=O)NC[C@@H](c2cccnc2)[NH+]2CCCC2)C2(CC[NH2+]CC2)C1,8.198703
759,,C=CCn1c(SCC(=O)Nc2cc(C(F)(F)F)ccc2OCCOC)nnc1-c1ccccc1,5.770562
760,,CC[C@@H](NC(=O)Nc1cc(C)cc(C)c1)c1c(-n2cccc2)sc2c1CC[NH+](CC)C2,5.930443
761,,CCc1nn2c(=O)cc(C[NH+](C)Cc3ccsc3)nc2s1,4.990013
762,,Cc1ccc(-c2[nH+]c3c(C)cccn3c2CC(=O)Nc2ccccc2OC(C)C)cc1C,7.3365498
763,,COC(=O)c1ccc2c(c1)c(C[NH2+]CC(C)C)cn2C[C@@H](Cc1ccccc1)c1ccccc1,7.411022
764,,C[C@@]1(O)C[N+](C)(C)CCO1,0.008456631
765,,COc1cc2c(cc1OC)C(=O)C(Oc1ccc(C(=O)CCN3CCCCC3)cc1)C2,7.688879
766,,COC(=O)c1ccc(/C=N/Nc2nc(SCC(=O)Nc3ccc(S(N)(=O)=O)cc3)n[nH]2)cc1,5.836414
767,,CN(CCOCCNC(=S)NC(=O)c1ccc2c(c1)C(=O)c1ccccc1C2=O)Cc1ccccc1,5.5150685
768,,C=CCOC[C@@H](O)C[NH+](Cc1cccn1Cc1ccc(C(C)(C)C)cc1)[C@H](C)C(C)C,7.676909
769,,C[N+](C)(C)c1cc(O)cc(OCCCOc2cc(O)cc([N+](C)(C)C)c2)c1,6.6307864
770,,CC(C)Cc1ccc([C@@H](C)C(=O)NC(=S)N2CCNC(=O)[C@H]2CC(=O)OCc2ccccc2)cc1,7.5118513
771,,O=C(NCCNc1c2c(nc3ccccc13)CCCC2)C(=O)NCCNc1c2c(nc3ccccc13)CCCC2,7.1010213
772,,COc1ccc(CCN[C@H]2[NH+]=c3ccccc3=[NH+]/C2=N\S(=O)(=O)c2cccs2)cc1OC,7.53026
773,,CCCCn1c(SCC(=O)Nc2ncc(Cl)cc2Cl)nc2sc3c(c2c1=O)CCC3,6.307596
774,,CCOC(=O)/N=c1/cc(N[C@@H](C)CCC[NH+](CC)CC)c2nc(-c3ccccc3)c(-c3ccccc3)nc2[nH]1,7.2466364
775,,C=CCOC(=O)c1sc2nc(C[NH+](CC(C)C)C[C@H](O)COC)[nH]c(=O)c2c1C,5.2838492
776,,COC[C@H](C)[NH+](C)C[C@](C)([NH2+]C(C)C)C(=O)[O-],1.0973487
777,,C[NH+](C)C[C@H]1CCCCN1C(=O)c1csc(-c2ccccc2F)n1,5.351693
778,,Clc1ccc2c(NCCCNCCCOc3cccc4[nH]c5ccccc5c34)c3c(nc2c1)CCCC3,7.9187183
779,,O=C1[C@@H]2[C@H]([C@@H](O)c3ccc(Cl)cc3)N[C@@]3(C(=O)Nc4c(Cl)cccc43)[C@@H]2C(=O)N1C[C@@H]1CCCO1,6.672645
780,,COc1cc(C(=O)NCCCCC(=O)NNc2c3c(nc4ccccc24)CCCC3)cc(OC)c1OC,5.8357606
781,,C#CCOC[C@H](O)C[NH+](Cc1c(C)nn(-c2ccccc2)c1Oc1cccc(C)c1)CC1CC1,6.353027
782,,CCOC(=O)C[NH+](CC(=O)N1CCS[C@H]1c1ccccc1Cl)C1CC1,3.371688
783,,C[NH+](C)CCN(C(=O)CCCS(=O)(=O)c1ccc(F)cc1)c1nc2c(F)cc(F)cc2s1,7.5315247
784,,Cc1ccc(-c2oc3c(C)cc(C)cc3c(=O)c2OCC(=O)c2cccs2)cc1,5.25832
785,,COC(=O)N[C@@H]1[NH+]=c2cc(Cl)c(Oc3ccc(Br)c4ccccc34)cc2=[NH+]1,7.3082113
786,,CCc1nc(C[NH+](C)CC(=O)Nc2sc3c(c2C(=O)OC)CCC3)cs1,5.5532346
787,,c1ccc2c(NCCCCCCCNc3c4c(nc5ccccc35)CCCC4)ccnc2c1,7.6704273
788,,c1ccc2c(c1)[nH]c1c[n+](CCCCCCCCCC[n+]3ccc4c(c3)[nH]c3ccccc34)ccc12,5.5901365
789,,CCCCC1=NC2(CCCC2)C(=O)N1Cc1ccc(Br)cc1,3.7015438
790,,C[NH+](C)[C@H](CNC(=O)Nc1ccc(Cl)cc1Cl)c1cccs1,6.893283
791,,COc1ccccc1-c1nnc(S[C@@H](C)c2nc3scc(-c4cccs4)c3c(=O)[nH]2)o1,7.3524837
792,,O=C(c1ccc(CNc2c3c(nc4cccc(Cl)c24)CCCCC3)s1)C(F)(F)F,7.30316
793,,CNC(=O)Oc1cccc(CN(C)CCCOc2ccc3c(=O)c4cccnc4oc3c2)c1,7.5047135
794,,CCCCc1ccc(N[C@@H]2[NH+]=c3ccccc3=[NH+]/C2=N\S(=O)(=O)c2ccc(C)c(C)c2)cc1,8.011402
795,,Fc1ccc(CSc2nnc3ccc(C(F)(F)F)cn23)c2ncccc12,6.756764
796,,Cc1oc(-c2ccc(Cl)cc2)nc1C[NH+]1CCC[C@@H](C(=O)N[C@@H]2CCCC[C@@H]2C)C1,7.6485095
797,,c1ccc(COc2ccc3ccccc3c2C[NH2+]CCSc2nnnn2-c2ccccc2)cc1,5.6387086
798,,Cc1cc([C@@H](C)[NH3+])sc1-c1cccc(Cl)c1,4.5288305
799,,COc1ccc(CCOc2nc(-c3cccs3)n(-c3ccc(NC[C@@H](O)COC(C)C)cc3)n2)cc1,8.930609
800,,C[C@H]1CCCC[C@H]1NC(=O)/C(C#N)=C/c1ccc(-c2ccc(Br)cc2)o1,4.886644
801,,C=CC[NH+](Cc1cc(=O)n2cc(Cl)ccc2n1)Cc1cccs1,6.0339417
802,,Cc1ccc(N2CCN(CCNCc3ccc(CN4CCCCC4)o3)C2=C(C#N)C#N)cc1,5.8707914
803,,O=C(CCc1n[nH]c(=O)[nH]c1=O)N/N=C/c1c(OCc2ccc(F)cc2)ccc2ccccc12,6.930961
804,,CCN(C(=O)[C@H](C)Sc1nnc(CCC(N)=O)n1Cc1ccco1)[C@@H]1CCS(=O)(=O)C1,1.0419981
805,,CCC[NH+](CC(=O)N1CCc2sccc2[C@@H]1COc1cccc(C)c1)C[C@H](O)COc1ccccc1,5.41149
806,,CCOC(=O)C1=C(C)Nc2nc3c(c(N)c2C1c1ccc(-c2ccccc2)cc1)CCCC3,7.247701
807,,CCOC(=O)c1sc2nc(C[NH+](CCCOC)C[C@@H](O)COCc3ccccc3)[nH]c(=O)c2c1C,8.18177
808,,O=C(CCOCCc1c[nH]c2ccccc12)NCCCCCCNc1c2c(nc3cc(Cl)ccc13)CCCC2,6.7006755
809,,CC[N+](CC)(CC)CCOc1ccc(C(=O)NCCCCCC(=O)NNc2c3c(nc4ccccc24)CCCC3)cc1,6.932946
810,,CC1(C)C[C@@H]2CCCC[NH+]2CO1,1.5716605
811,,COc1ccc2c(c1)O/C(=C\c1cc[n+](Cc3ccccc3F)cc1)C2=O,5.41712
812,,COc1cc2occ(-c3ccc(N4CCCC4)cc3)c(=O)c2cc1OC,5.78279
813,,CN1C2CCC1CC(OC(=O)C(CO)c1ccccc1)C2,5.911562
814,,C(=[NH+]/CCc1ccccc1)\c1cn(-c2ccccc2)nc1C12CC3CC(CC(C3)C1)C2,7.618154
815,,COc1cc2c(cc1OC)C(=O)C(CCCCCC1CCN(Cc3ccccc3)CC1)C2,7.0382657
816,,CCC[NH2+][C@@H](C)c1cnc(N(CCOC)C(CC)CC)s1,2.5869973
817,,COc1ccc(Cl)cc1NC(=S)/N=C(\NCCc1ccc(Cl)cc1)Nc1nc(C)cc(C)n1,0.52997816
818,,c1ccc(CN2CCC(CCNc3ccc(-c4ccc5ccccc5c4)nn3)CC2)cc1,8.04219
819,,O=C(CCC1CCN(Cc2ccccc2)CC1)c1ccc(N2CCCC2)cc1,6.828619
820,,CC[C@@]1(c2cccc(O)c2)CCCCN(CCCCCCCCN2CCCC[C@@](CC)(c3cccc(O)c3)C2)C1,10.848293
821,,C[NH+](C)[C@H](CNC(=O)Nc1ccc2oc(C3CC3)nc2c1)c1ccc(F)cc1,7.163845
822,,COc1cc2c(cc1OC)C(=O)C(Oc1ccc(C(=O)CCCN3CCCC3)cc1)C2,7.92757
823,,C[NH+]1CCN(c2nc(CSc3ccc(Cl)cc3)nc3sc4c(c23)CCC4)CC1,7.853199
824,,CCOC(=O)[C@@H]1C(=O)[NH+]=c2ccc(Cl)cc2=C1NCCc1cccs1,6.392217
825,,CN1CCC(CCC2C(=O)Nc3ccccc3C2=O)CC1,5.995079
826,,C[N+]1(CCC(=O)Nc2ccc3c(c2)C(=O)c2cccc4ccnc-3c24)CCCC1,6.068778
827,,Cc1nn(-c2ccc(Cl)nn2)c2c1[C@@H](c1ccc(-c3ccccc3F)o1)CC(=O)N2,6.998022
828,,Cc1ccccc1N1N[NH2+]N[C@H]1[C@H](NCCC1=c2ccccc2=[NH+][C@@H]1C)c1ccc(Cl)cc1Cl,7.999724
829,,CNC(=O)Oc1cccc(CN(C)CCCOc2ccc3c(c2)O/C(=C\c2ccc4ccccc4c2)C3=O)c1,7.3256035
830,,C=CC[NH+](CC(=O)N1CCc2sccc2[C@@H]1COc1ccc(C(C)C)cc1)C[C@@H](O)CC,5.704787
831,,CCCC[C@@H](O)C[NH+](CCOC)Cc1c(-c2ccccc2)nn(C)c1Oc1ccccc1F,5.338518
832,,C=CCCCN(C)C,4.375367
833,,CCOc1ccc([C@H]2[C@@H]3[NH+]=c4ccccc4=C3CCN2C(=O)c2ccc(F)cc2)cc1,4.3206325
834,,C/C=C1\[C@H]2C=C(C)C[C@]1(/N=C/C=C/c1ccc(N(C)C)cc1)c1ccc(=O)[nH]c1C2,4.905915
835,,COc1cc(C(=O)NCCCCCCC(=O)NNc2c3c(nc4ccccc24)CCCC3)cc(OC)c1OC,5.9913607
836,,CNC(=O)Oc1cccc(CN(C)CCCCCCCOc2ccc3c(c2)O/C(=C\c2cc(O)c(O)c(O)c2)C3=O)c1,7.499011
837,,Cc1ccsc1C[NH+](Cc1ccco1)C[C@H](O)COc1cccc(C)c1C,6.2539415
838,,CCSc1nc(-c2ccc(Cl)cc2)nn1C(=O)N(C)C,3.7145085
839,,c1ccc2c(c1)NC1CCCCC1=C2NCCCCCCCCNC1CCNC2CCCCC21,8.160876
840,,C[C@H](C(=O)Nc1ccccc1-c1ccccc1)N1CCN(c2cccc[nH+]2)CC1,6.79493
841,,CN1CCC=C(c2nsnc2OCCCOCC(=O)NCCCCNc2c3c(nc4ccccc24)CCCC3)C1,6.82675
842,,C[NH+](C)[C@H](CNC(=O)CCc1ccc(S(=O)(=O)N2CCOCC2)cc1)c1c(F)cccc1Cl,8.298136
843,,c1ccc(CN2CCC(CCc3noc4cc(N5CCOCC5)ccc34)CC2)cc1,7.563712
844,,CC1=C[C@H]2Cc3[nH]c(=O)ccc3[C@@]3(C1)[C@@H]2CCCN3C(=O)CN(C)CCCCCCCCN(C)Cc1ccccn1,7.660001
845,,COc1ccc2c(c1)=[NH+][C@H](C(=O)N1CCC([C@@H](C)C(=O)NCC[C@H](C)[NH+]3CCCCCC3)CC1)C=2,8.578127
846,,CCc1[nH+]c(C)nc(N2CCN(C(=O)c3ccccc3Br)CC2)c1Cc1ccccc1,5.4690404
847,,C[NH+](C)CCNC(=O)[C@@H]1CCCN(C(=O)c2csc(Nc3cccc(C(F)(F)F)c3)n2)C1,7.4283004
848,,c1ccc2c(CCCCCCCCNc3c4c(nc5ccccc35)CCCC4)c3c(nc2c1)CCCC3,8.50461
849,,C=C[C@](C)(O)C[NH+](Cc1ccco1)Cc1c(-c2ccccc2)nn(C)c1Oc1ccc(OC)cc1,3.3817394
850,,CCN(CCCCC1Cc2cc(OC)c(OC)cc2C1=O)Cc1ccccc1OC,6.0080523
851,,CC[C@H](NC(=O)[C@@H]1CCC[NH+](Cc2nc(-c3cccc(Br)c3)no2)C1)c1ccc(C)cc1,7.7856307
852,,Cc1ccccc1C(=O)N1CCC(C(=O)NC[C@H](C2=c3ccccc3=[NH+]C2)c2ccccc2)CC1,5.7001286
853,,COc1ccc(C)c2sc(N(CCC[NH+](C)C)C(=O)CS(=O)(=O)c3ccc(Cl)cc3)nc12,2.7754774
854,,Cc1c(C(=O)N2CCC[C@@H](C(=O)NC3CC3)C2)oc2c(C)cccc12,6.1358156
855,,CCCn1c(N2CC[NH+](CC(=O)N(CC)CC)CC2)nc2sc(C)c(C)c2c1=O,2.0762095
856,,CN1CCCc2cc(C(=O)CCC3CCN(Cc4ccccc4)CC3)ccc21,7.503178
857,,CSc1nc(/C=C/c2ccccc2)nn1C(=O)N(C)C,4.5609503
858,,CN(CCOCCNC(=S)NC(=O)C1=CC2C(=O)c3ccccc3C(=O)C2C=C1)Cc1ccccc1,7.2653165
859,,Cn1cc[nH+]c1CN(C1CC1)S(=O)(=O)c1cccc(Br)c1,4.8153744
860,,CSc1ccccc1C(=O)[C@@H]1CCC[NH+](Cc2c(C)nn(C)c2Cl)C1,4.1817613
861,,COc1cc(CCC(=O)NCCC(=O)NNc2c3c(nc4ccccc24)CCCC3)cc(OC)c1OC,5.6056013
862,,Cc1nn(C)c(C)c1[C@@H](C)NC(=O)NCCOc1ccccc1C(C)(C)C,6.7493973
863,,CCC[NH2+][C@@H](CCCOCC(F)(F)F)Cc1nc(C)cs1,5.075315
864,,Cc1ccc(C[NH2+][C@@H](C)c2cc(F)ccc2N2CC[NH+](C)CC2)cc1F,6.473313
865,,C#C[C@@]1(O)CC[C@@H]2[C@@H]3CCC4=C/C(=N\OCC(=O)N[C@@H](CCCC(N)=[NH2+])C(=O)OC)CC[C@]4(C)[C@H]3CC[C@@]21C,8.955188
866,,C[N+]1(CCCC(=O)Nc2ccc3c(c2)C(=O)c2cccc4ccnc-3c24)CCCC1,6.091245
867,,CCOC(=O)CNC(=O)N(CCC(C)C)CC(=O)Nc1cc(C(C)(C)C)nn1-c1ccc(OC)cc1,7.611158
868,,CN1CC[C@@]2(C)c3cc(OC(=O)NCCCCCCCCCN4CCOCC4)ccc3N(C)[C@@H]12,6.7972884
869,,CC(C)(C)c1cccc(C(=O)C(F)(F)F)c1,5.3353148
870,,CCOc1ccc(C(=O)[C@H](C)Sc2nnc([C@@H](CC)[NH+](C)C)n2Cc2ccccc2)cc1,1.2863452
871,,Cc1cc(NC(=O)C(C)(C)C)sc1C(=O)N1C[C@@H](C)O[C@H](C)C1,2.9101734
872,,CCc1cccc(C)c1Nc1sc(C(=O)c2ccc(OC)cc2)c(N)c1S(=O)(=O)CC,2.6976688
873,,Clc1ccc2c(NCCCNCCCCOc3cccc4[nH]c5ccccc5c34)c3c(nc2c1)CCCC3,7.9771204
874,,O=C(CN1CCCCC1)Nc1ccc2nc3c4[nH]c5ccccc5c4ccn3c(=O)c2c1,6.275661
875,,CN1C(=O)Cc2cc3onc(CCC4CCN(Cc5ccccc5)CC4)c3cc21,6.781881
876,,C=CCOC[C@@H](O)C[NH+](Cc1c(-c2ccccc2)nn(C)c1Oc1ccc(C)cc1)C[C@@H]1CCCO1,5.673445
877,,COC(=O)c1ccc2c(c1)c(C[NH2+]CC(C)C)cn2C[C@@H](Cc1ccccc1)c1ccccc1O,7.56277
878,,CN1CCCCc2ccc(C(=O)CCC3CCN(Cc4ccccc4)CC3)cc21,7.5126348
879,,Cc1nn(-c2ccccc2)c(Oc2ccccc2F)c1C[NH+](CC(C)C)C[C@@H](O)CN1CCOCC1,7.1540494
880,,COc1cc(CCC(=O)NCCCC(=O)NNc2c3c(nc4ccccc24)CCCC3)cc(OC)c1OC,5.699571
881,,O=C(NC(=S)NCCC1CCN(Cc2ccccc2)CC1)c1ccc2c(c1)C(=O)c1ccccc1C2=O,7.706768
882,,CC1=C[C@H]2Cc3[nH]c(=O)ccc3[C@@]3(C1)[C@@H]2CCCN3C(=O)CN(C)CCCCCCCCCCN(C)Cc1ccccn1,8.055707
883,,Cc1ccccc1-c1nnc(SCc2csc(Cc3ccccc3)n2)o1,6.0090985
884,,COc1cccc(N(CCC2CCN(Cc3ccccc3)CC2)C(C)=O)c1,7.106715
885,,CCCCn1c(SCC(=O)N[C@@H](CC(C)C)C(=O)OC)nc2sc(C)c(C)c2c1=O,2.7572
886,,CNC(=O)Oc1cccc2c1CCC1CCN(C)C21,4.469362
887,,CC[N+](CC)(CCNC(=O)C(=O)NCC[N+](CC)(CC)Cc1ccccc1Cl)Cc1ccccc1Cl,7.857315
888,,CNC(=O)Oc1cccc(CN(C)CCCCOc2ccc3c(=O)c4ccccc4oc3c2)c1,7.23447
889,,CCOC(=O)c1cc(-c2ccccc2)sc1NC(=O)COC(=O)CC(c1ccccc1)c1ccccc1,7.0876255
890,,C/N=C1/CCc2c1n(C)c1ccc(OC(=O)N(C)C)c(Br)c21,3.2903037
891,,CNC(=O)Oc1cccc(CN(C)CCCOc2cccc(Cc3ccccc3)c2)c1,7.2045665
892,,C=CC[n+]1ccc(CCC(=O)C2Cc3cc(OC)c(OC)cc3S2)cc1,5.4287133
893,,C[C@H](O)C[NH+](Cc1ncc(-c2cccs2)o1)C1CCCCC1,5.547786
894,,CCN(CC)S(=O)(=O)c1ccc(Cl)c(NC(=O)NC[C@H](c2ccco2)[NH+]2CCCC2)c1,7.513805
895,,COc1ccccc1[C@@H]1[C@@H]2[NH+]=c3ccccc3=C2C[C@H]2C(=O)N(CCCOC(C)C)CC(=O)N12,4.3558235
896,,COC(=O)CC1=NN([C@@H]2Nc3ccccc3S2)C(=O)/C1=C(/C)NCCC1=c2cc(OC)ccc2=[NH+]C1,7.8381743
897,,Clc1ccc(CSCc2nnc(SCc3ccc(Br)cc3)n2-c2ccccc2)cc1,6.096062
898,,C[C@H]1[NH+]=c2ccc(OC(F)(F)F)cc2=C1CC[NH2+]Cc1ccc(Cl)cc1,6.380355
899,,FC(F)(F)COc1ccc(C[NH2+]C2CCC3(CC2)OCCO3)cc1,5.6122274
900,,Cc1ccc2c(c1)=[NH+][C@H](C(=O)N[C@@H](C)CCc1ccccc1)C=2Sc1ccc(Cl)cc1,7.672663
901,,Fc1ccc(C(c2ccc(F)cc2)N2CCN(CCN3CCCC3)CC2)cc1,7.8850427
902,,COc1cc(C[NH2+]Cc2cccnc2)cc(Br)c1OCc1ccc(F)cc1Cl,7.6259623
903,,Fc1ccc(/C=C/C[NH+]2CCC[C@H](N3CCN(c4ccccc4F)CC3)C2)cc1,6.9154625
904,,CCOC(=O)[C@H](C)n1cnc2c1c(=O)n(CCC(C)C)c(=O)n2-c1ccc(C)cc1,5.806389
905,,CCN(CC(F)(F)F)C[C@](C)(CC)C[NH2+]CC(C)C,3.1561697
906,,COc1cc2c(cc1OC)C(=O)C(CC1CCN(CC3CCCCC3)CC1)C2,7.3677077
907,,Cc1cc(C)c2sc(N(CC[NH+](C)C)C(=O)COc3ccc(F)cc3)nc2c1,5.403029
908,,CCOc1ccc([C@H](CNC(=O)c2ccc(S(=O)(=O)c3ccc(Cl)cc3)o2)[NH+](CC)CC)cc1,6.7997026
909,,Nc1ccc(-c2ccc(F)c(F)c2F)cc1F,4.3500953
910,,CCC[NH2+][C@H](Cc1ccc(Br)cc1)Cc1cccc(Cl)c1,5.3913426
911,,Cc1nn(-c2ccccc2)c(Oc2ccccc2)c1C[NH+](Cc1ccco1)C[C@@H](O)COCC(C)C,5.501642
912,,O=C(O)CCCC[C@@H]1CCSS1,5.0497193
913,,O=S(=O)(/N=c1/[nH]c2c(s1)C[NH2+]CC2)c1cc(Cl)sc1Cl,5.107256
914,,COc1ccc([C@@H](CNC(=O)[C@@H](NS(=O)(=O)c2ccc(Cl)cc2)C(C)C)[NH+](C)C)cc1,7.937292
915,,Cc1ccc([C@@](O)(C(C)C)[C@H](C[NH+]2CCCCCC2)Oc2ccc(Cl)cc2C)cc1,2.6678116
916,,CCC(C)(C)N1N=NN[C@@H]1[C@H]([C@@H]1C=c2c(C)cc(C)cc2=[NH+]C1=O)[NH+](Cc1ccc(F)cc1)Cc1ccco1,5.903639
917,,CCCCCCCNC(=O)Oc1cccc2c1OCC1CCN(C)C21,5.860245
918,,Clc1ccc2c(NCCCCCCCCNc3c4c(nc5cc(Cl)ccc35)CCCC4)c3c(nc2c1)CCCC3,8.820882
919,,Oc1ccc2c(n1)CCCC2NCCCCCCCCCNc1c2c(nc3ccccc13)CCCC2,7.865651
920,,Cc1noc(C)c1Cn1cnc2scc(-c3ccc(F)cc3)c2c1=O,5.645336
921,,COc1cc2c(cc1OC)SC(C(=O)CCc1cc[n+](Cc3ccsc3)cc1)C2,6.373599
922,,Oc1c(CNCCCCCCCNc2c3c(nc4ccccc24)CCCC3)ccc2cccnc12,7.2561727
923,,CNC(=O)Oc1cccc(CN(C)CCCOc2ccc3c(=O)ccoc3c2)c1,6.7540646
924,,CCCN(c1ccncc1F)n1cc(C)c2cc(OC(=O)NC)ccc21,6.4648886
925,,Cc1ccc(NC(=O)COc2ccc(Br)cc2C[NH2+]CCNC(=O)c2nonc2N)cc1,8.909682
926,,C[C@@H]1CCC[C@H](C)N1S(=O)(=O)c1cc(Cl)ccc1Cl,4.0677314
927,,CN(C)S(=O)(=O)c1cccc(-c2csc(Nc3ccccc3)[n+]2CCCN2CCOCC2)c1,8.336646
928,,COc1ccc2cc3[n+](cc2c1OCCCCOc1ccccc1)CCc1cc2c(cc1-3)OCO2,7.8173237
929,,COC(=O)c1ccc(NC(=O)c2ccc3c(c2)=[NH+][C@H](C(F)(F)F)[NH+]=3)cc1,6.503154
930,,COc1cc2c(cc1OC)C(=O)C(CCCCC1CCN(Cc3ccccc3)CC1)C2,6.888836
931,,OCCCCC[NH2+]Cc1cc(Br)ccc1OCc1c(F)cccc1Cl,6.135331
932,,CC[C@@]1(c2cccc(O)c2)CCCCN(CCCCCCCCCN2CCCC[C@@](CC)(c3cccc(O)c3)C2)C1,10.869366
933,,CN(C)c1nn(CN2CC[C@@H]([NH+]3CCCCC3)C2)c(=S)s1,6.63214
934,,CCCCC(=O)N(c1ccccc1Cl)[C@@H](C(=O)NC1CCCCC1)C(c1ccccc1)c1ccccc1,1.7171422
935,,CCN(CCCNC1=CC(=O)C(NCCCN(CC)Cc2ccccc2OC)=CC1=O)Cc1ccccc1OC,8.591967
936,,COc1cc2c(cc1OC)C(=O)C(C1CCN(Cc3ccccc3)CC1)C2,6.11942
937,,O=C(CCCNc1c2c(nc3ccccc13)CCCC2)CCCNc1c2c(nc3ccccc13)CCCC2,7.7811465
938,,CSc1ccc2nc(N(CC[NH+](C)C)C(=O)c3cccc(S(=O)(=O)C(C)C)c3)sc2c1,8.038698
939,,CN1CC[C@@]2(C)c3cc(OC(=O)NCCCCCCCCCCN4CCOCC4)ccc3N(C)[C@@H]12,6.6188364
940,,O=C(NC(=S)NCCC1CCN(Cc2ccccc2)CC1)c1ccc2c(=O)c3ccccc3oc2c1,8.230949
941,,CCOC(=O)c1ccc(Oc2c(C)oc3c(C[NH+]4CCCC[C@@H]4c4cccs4)c(O)ccc3c2=O)cc1,6.8637533
942,,Cc1nc2cccc(F)c2c(N)c1CSCc1cccc(C(=O)C(F)(F)F)c1,6.696111
943,,C[C@@H](O)c1cn2c(N3CCN(C(=O)CCS(=O)(=O)c4ccc5cc(Cl)ccc5c4)CC3)cccc2[nH+]1,7.8530293
944,,CNC(=O)Oc1cccc(CN(C)CCCOc2ccc3c(=O)c4ccccc4oc3c2)c1,7.375628
945,,CC(C)S(=O)(=O)c1ccc([C@H](CNCl)N2CC[NH2+][C@H](S(=O)(=O)Oc3ccccc3)C2)cc1,8.619831
946,,COc1cc2c(cc1OC)C(=O)C(CCCC1CCN(Cc3ccccc3)CC1)C2,6.6637096
947,,Clc1ccc2c(NCCCNCCCCCCOc3cccc4[nH]c5ccccc5c34)c3c(nc2c1)CCCC3,8.195683
948,,CCOC(=O)c1cc2c(N)c3c(nc2nc1C)CCCC3,4.0981617
949,,CCCCNC(=O)[C@H](C(c1ccccc1)c1ccccc1)N(Cc1ccco1)C(=O)c1ccc(O)cc1,2.6283078
950,,COc1cc2cc(C(=O)CC3(O)CC[N+](C)(Cc4ccccc4)CC3)sc2cc1OC,8.402589
951,,O=C(c1ccccc1)c1ccc2c(c1)C(=O)N(CCC1CCN(Cc3ccccc3)CC1)C2=O,8.149731
